Name,Brand,Link,Image,Price,Discount,Promo,OldPrice,BestSeller,Stock,Coupon,RevNo,Stars
unisex-baby Baby cotton T-shirt half sleeves for Unisex Base Layer Top,Papillion,/-/en/Papillon-T-shirt-sleeves-printed-Yellow-0-3month/dp/B09PC8FZC2/ref=sr_1_7009?m=A1ZVRGNO5AYLOV&qid=1668811905&refinements=p_6%3AA1ZVRGNO5AYLOV&s=fashion&sr=1-7009,https://m.media-amazon.com/images/I/61sfokqOquL._AC_UL320_.jpg,56,,,,,,,,5.0 out of 5 stars
"black cat eye black lens sunglasses for women, size 53",Momo,/-/en/Momo-black-lens-sunglasses-women/dp/B09HR4HQ8L/ref=sr_1_7010?m=A1ZVRGNO5AYLOV&qid=1668811905&refinements=p_6%3AA1ZVRGNO5AYLOV&s=fashion&sr=1-7010,https://m.media-amazon.com/images/I/51IcLXAaMnL._AC_UL320_.jpg,894,,,"EGP 1,295.00",Limited time deal,,,,5.0 out of 5 stars
"Womens Cotton Basic Elastic Waist Brief Underwear, Color: Dark Grey, Size: L",Dahab,/-/en/Dahab-Womens-Cotton-Elastic-Underwear/dp/B08BCSBJ13/ref=sr_1_7011?m=A1ZVRGNO5AYLOV&qid=1668811905&refinements=p_6%3AA1ZVRGNO5AYLOV&s=fashion&sr=1-7011,https://m.media-amazon.com/images/I/61hrthjzcQL._AC_UL320_.jpg,56,,,,,,,,5.0 out of 5 stars
Gold,Dejavu,/-/en/Dejavu-Gold-Pump-39-EU/dp/B09N7PC58Y/ref=sr_1_7012?m=A1ZVRGNO5AYLOV&qid=1668811905&refinements=p_6%3AA1ZVRGNO5AYLOV&s=fashion&sr=1-7012,https://m.media-amazon.com/images/I/51TdzTsd2tL._AC_UL320_.jpg,429,,,,,,,,0.0 out of 5 stars
Colorful Personality Embroidered Letters Short Sleeves Crew Neck T-shirt for Girls,Andora,/-/en/Andora-Colorful-Personality-Embroidered-Letters/dp/B096L7RXR3/ref=sr_1_7013?m=A1ZVRGNO5AYLOV&qid=1668811905&refinements=p_6%3AA1ZVRGNO5AYLOV&s=fashion&sr=1-7013,https://m.media-amazon.com/images/I/61iFNMBNoFS._AC_UL320_.jpg,76,,,EGP 81.00,,,,,3.5 out of 5 stars
Women Fashion Sneakers,Grinta,/-/en/Grinta-Women-Fashion-Sneakers-BLACK/dp/B09SFCQJ69/ref=sr_1_7014?m=A1ZVRGNO5AYLOV&qid=1668811905&refinements=p_6%3AA1ZVRGNO5AYLOV&s=fashion&sr=1-7014,https://m.media-amazon.com/images/I/51dWZDq5bqL._AC_UL320_.jpg,169,,,,,,,,5.0 out of 5 stars
womens Women Pjama Plaided Short & Sleeveless Tshirt Pajama Set,Kady,/-/en/Women-Plaided-Sleeveless-Tshirt-NAVY-red-2XL/dp/B09DGTRRZK/ref=sr_1_7015?m=A1ZVRGNO5AYLOV&qid=1668811905&refinements=p_6%3AA1ZVRGNO5AYLOV&s=fashion&sr=1-7015,https://m.media-amazon.com/images/I/61GRYK+ILKL._AC_UL320_.jpg,149,,,,,,,,3.1 out of 5 stars
womens 8516985 JYSP20903 Casual Pants (pack of 1),Splash,/-/en/Splash-Jersey-Jogger-Women-Navy-size/dp/B09W1M6BRP/ref=sr_1_7016?m=A1ZVRGNO5AYLOV&qid=1668811905&refinements=p_6%3AA1ZVRGNO5AYLOV&s=fashion&sr=1-7016,https://m.media-amazon.com/images/I/51q-WhFtZAL._AC_UL320_.jpg,439,,,,,,,,0.0 out of 5 stars
MEN'S SPORTSTYLE GEL-QUANTUM 180 5,Asics,/-/en/ASICS-SPORTSTYLE-GEL-QUANTUM-CARRIER-ELECTRIC/dp/B0822SGN6S/ref=sr_1_7017?m=A1ZVRGNO5AYLOV&qid=1668811905&refinements=p_6%3AA1ZVRGNO5AYLOV&s=fashion&sr=1-7017,https://m.media-amazon.com/images/I/51D38LlcKcL._AC_UL320_.jpg,"2,389",,,,,,,,4.4 out of 5 stars
"Analog Casual Watch rubber strap for Men, Silver- YWS455",Swatch,/-/en/Swatch-Analog-Casual-Silver-YWS455/dp/B08PFFB2FX/ref=sr_1_7018?m=A1ZVRGNO5AYLOV&qid=1668811905&refinements=p_6%3AA1ZVRGNO5AYLOV&s=fashion&sr=1-7018,https://m.media-amazon.com/images/I/61C0t8wfhLL._AC_UL320_.jpg,"2,049",,,"EGP 2,969.00",,,,,4.7 out of 5 stars
"Elsayaad Cotton Elastic Waist Front Stitch Detail Brief for Kids - White, 8 Years",El Sayaad,/-/en/Elsayaad-Cotton-Elastic-Stitch-Detail/dp/B0968WR7KZ/ref=sr_1_7019?m=A1ZVRGNO5AYLOV&qid=1668811905&refinements=p_6%3AA1ZVRGNO5AYLOV&s=fashion&sr=1-7019,https://m.media-amazon.com/images/I/51n57yrbeMS._AC_UL320_.jpg,32,,,,,,,,5.0 out of 5 stars
LK377G Stainless Steel Grey Dial Round Analog Watch for Women,Swatch,/-/en/Swatch-LK377G-Stainless-Steel-Analog/dp/B079XJZJ1D/ref=sr_1_7020?m=A1ZVRGNO5AYLOV&qid=1668811905&refinements=p_6%3AA1ZVRGNO5AYLOV&s=fashion&sr=1-7020,https://m.media-amazon.com/images/I/713MxhIEzzL._AC_UL320_.jpg,"1,330",,,"EGP 1,389.00",,Only 2 left in stock - order soon.,,,4.4 out of 5 stars
Men's Chrono Watch Stainless Steel Case Red Bezel Maroon Dial 3 Subdials Stainless Steel Bracelet,CURREN,/-/en/Chrono-Stainless-Maroon-Subdials-Bracelet/dp/B09W68B7H3/ref=sr_1_7021?m=A1ZVRGNO5AYLOV&qid=1668811905&refinements=p_6%3AA1ZVRGNO5AYLOV&s=fashion&sr=1-7021,https://m.media-amazon.com/images/I/51lAAZOIkzL._AC_UL320_.jpg,369,,,,,Only 1 left in stock - order soon.,,,0.0 out of 5 stars
"Tablet Messenger & Shoulder Bag upto 10"", Unisex, Gray",E-Train,/-/en/Train-Tablet-Messenger-Shoulder-Unisex/dp/B097F6BPBR/ref=sr_1_7022?m=A1ZVRGNO5AYLOV&qid=1668811905&refinements=p_6%3AA1ZVRGNO5AYLOV&s=fashion&sr=1-7022,https://m.media-amazon.com/images/I/71RBNJTKdfL._AC_UL320_.jpg,129,,,,Limited time deal,,,,0.0 out of 5 stars
DW-291H-1AVDF Resin Square Digital Watch for Men - Black,Casio,/-/en/Casio-DW-291H-1AVDF-Resin-Square-Digital/dp/B085M1C5TV/ref=sr_1_7023?m=A1ZVRGNO5AYLOV&qid=1668811905&refinements=p_6%3AA1ZVRGNO5AYLOV&s=fashion&sr=1-7023,https://m.media-amazon.com/images/I/712-ozXM2-L._AC_UL320_.jpg,"1,495",,,,,,,,4.8 out of 5 stars
womens GRH246,Grinta,/-/en/Grinta-womens-GRH246-BLACK-YELLOW-Sneaker/dp/B09DD7GN4K/ref=sr_1_7024?m=A1ZVRGNO5AYLOV&qid=1668811905&refinements=p_6%3AA1ZVRGNO5AYLOV&s=fashion&sr=1-7024,https://m.media-amazon.com/images/I/71LbsD6N6sL._AC_UL320_.jpg,249,,,,,,,,4.0 out of 5 stars
ACTIVNEW CASUAL,activ,/-/en/ACTIVNEW-CASUAL-SHOES-HAVAN-44/dp/B09NL6HD8G/ref=sr_1_7025?m=A1ZVRGNO5AYLOV&qid=1668811905&refinements=p_6%3AA1ZVRGNO5AYLOV&s=fashion&sr=1-7025,https://m.media-amazon.com/images/I/71-KYshqI+L._AC_UL320_.jpg,719,,,,,,,,0.0 out of 5 stars
womens shirt dress Nightgown,Jamila,/-/en/Jamila-180-olive-jamila-shirt-dress-olive-L/dp/B09DGQTNFT/ref=sr_1_7026?m=A1ZVRGNO5AYLOV&qid=1668811905&refinements=p_6%3AA1ZVRGNO5AYLOV&s=fashion&sr=1-7026,https://m.media-amazon.com/images/I/71xnV+AD4vL._AC_UL320_.jpg,169,,,,,,,,4.0 out of 5 stars
Baby Girls 221169401 Jeans,Junior,/-/en/Junior-Denim-Pant-Blue-Months/dp/B09YHCNSVJ/ref=sr_1_7027?m=A1ZVRGNO5AYLOV&qid=1668811905&refinements=p_6%3AA1ZVRGNO5AYLOV&s=fashion&sr=1-7027,https://m.media-amazon.com/images/I/A1wyMoNUFWL._AC_UL320_.jpg,229,,,EGP 289.00,,,,,0.0 out of 5 stars
Backpack - Bugundy,Grinta,/-/en/Grinta-GRBEL-BURGANDY-Backpack-Bugundy/dp/B09RLZG4N3/ref=sr_1_7028?m=A1ZVRGNO5AYLOV&qid=1668811905&refinements=p_6%3AA1ZVRGNO5AYLOV&s=fashion&sr=1-7028,https://m.media-amazon.com/images/I/51XZ2y5ClQL._AC_UL320_.jpg,125,,,,,,,,0.0 out of 5 stars
BASKETBALL SHOES For MEN,Anta,/-/en/ANTA-BASKETBALL-SHOES-MEN-GREEN/dp/B09CS6JBFX/ref=sr_1_7029?m=A1ZVRGNO5AYLOV&qid=1668811905&refinements=p_6%3AA1ZVRGNO5AYLOV&s=fashion&sr=1-7029,https://m.media-amazon.com/images/I/51d9xp6L4YL._AC_UL320_.jpg,"2,669",,,,,,,,0.0 out of 5 stars
Ipanema,Ipanema,/-/en/Ipanema-Class-Slipp-Rubber-27-28/dp/B09GMPGSHX/ref=sr_1_7030?m=A1ZVRGNO5AYLOV&qid=1668811905&refinements=p_6%3AA1ZVRGNO5AYLOV&s=fashion&sr=1-7030,https://m.media-amazon.com/images/I/618IvZygItL._AC_UL320_.jpg,139,,,EGP 195.00,TOP DEAL,,,,4.5 out of 5 stars
boys 3860 T-Shirt,El Sayaad,/-/en/El-Sayaad-Motorcycle-Cotton-T-Shirt/dp/B09S3GKFSZ/ref=sr_1_7031?m=A1ZVRGNO5AYLOV&qid=1668811905&refinements=p_6%3AA1ZVRGNO5AYLOV&s=fashion&sr=1-7031,https://m.media-amazon.com/images/I/712qFvgcErL._AC_UL320_.jpg,58,,,,,,,,5.0 out of 5 stars
womens Multi-pocket Casual Denim Jacket - Dusty Blue Jacket,Andora,/-/en/Andora_Multi-pocket-Casual-Denim-Jacket-Blue_2XL/dp/B09NP8LNHY/ref=sr_1_7032?m=A1ZVRGNO5AYLOV&qid=1668811905&refinements=p_6%3AA1ZVRGNO5AYLOV&s=fashion&sr=1-7032,https://m.media-amazon.com/images/I/61jqXdOhevL._AC_UL320_.jpg,411,,,,,,,,0.0 out of 5 stars
"YSS234G For Women- Analog, Dress Watch",Swatch,/-/en/Swatch-YSS234G-Women-Analog-Dress/dp/B001CR4FII/ref=sr_1_7033?m=A1ZVRGNO5AYLOV&qid=1668811905&refinements=p_6%3AA1ZVRGNO5AYLOV&s=fashion&sr=1-7033,https://m.media-amazon.com/images/I/41pw5i5dEaL._AC_UL320_.jpg,"2,410",,,"EGP 2,569.00",,Only 1 left in stock - order soon.,,,4.2 out of 5 stars
"Women Classic Reading, Silver 36 Mm Dw00100058, Japanese Quartz, Analog",Daniel Wellington,/-/en/Daniel-Wellington-Classic-Dw00100058-Japanese/dp/B01C34XUB6/ref=sr_1_7034?m=A1ZVRGNO5AYLOV&qid=1668811905&refinements=p_6%3AA1ZVRGNO5AYLOV&s=fashion&sr=1-7034,https://m.media-amazon.com/images/I/61PS3y61euL._AC_UL320_.jpg,"1,669",,50% off promotion available,"EGP 3,520.00",,Only 2 left in stock - order soon.,,,4.0 out of 5 stars
Ankle Boot for women,Glitter,/-/en/Glitter-Ankle-Boot-women-Camel/dp/B09RW2FGGF/ref=sr_1_7035?m=A1ZVRGNO5AYLOV&qid=1668811905&refinements=p_6%3AA1ZVRGNO5AYLOV&s=fashion&sr=1-7035,https://m.media-amazon.com/images/I/61KCJ7EKoRL._AC_UL320_.jpg,159,,,,Limited time deal,,,,0.0 out of 5 stars
SQUADRA,Squadra,/-/en/SQUADRA-SQ403-Metallic-Genuine-Men-SHINY-BLACK-40/dp/B09P7H5SLR/ref=sr_1_7036?m=A1ZVRGNO5AYLOV&qid=1668811905&refinements=p_6%3AA1ZVRGNO5AYLOV&s=fashion&sr=1-7036,https://m.media-amazon.com/images/I/81Utd3AVRgL._AC_UL320_.jpg,449,,,,,,,,3.7 out of 5 stars
Milanese Stainless Steel Loop Strap Link Bracelet Band with Metal Protective Case For Apple Watch 42 mm (Rose Gold),Generic,/-/en/Milanese-Stainless-Steel-Bracelet-Protective/dp/B0969CSDM1/ref=sr_1_7037?m=A1ZVRGNO5AYLOV&qid=1668811905&refinements=p_6%3AA1ZVRGNO5AYLOV&s=fashion&sr=1-7037,https://m.media-amazon.com/images/I/711dFNrXo5L._AC_UL320_.jpg,91,,,,,Only 1 left in stock - order soon.,,,0.0 out of 5 stars
boys 3858 T-Shirt,El Sayaad,/-/en/El-Sayaad-Headphone-Sleeve-T-Shirt/dp/B09RN2Z3YF/ref=sr_1_7038?m=A1ZVRGNO5AYLOV&qid=1668811905&refinements=p_6%3AA1ZVRGNO5AYLOV&s=fashion&sr=1-7038,https://m.media-amazon.com/images/I/81QEGKeIE-L._AC_UL320_.jpg,58,,,,,,,,4.5 out of 5 stars
Two-Tone Stitched Detail Contrast Side Logo Lace-Up Shoes For Men,New Balance,/-/en/New-Balance-Two-Tone-Stitched-Contrast/dp/B08XXGZR3V/ref=sr_1_7039?m=A1ZVRGNO5AYLOV&qid=1668811905&refinements=p_6%3AA1ZVRGNO5AYLOV&s=fashion&sr=1-7039,https://m.media-amazon.com/images/I/71ex4NFordS._AC_UL320_.jpg,"1,089",,,,,,,,4.0 out of 5 stars
womens Celina Woman Base Layer Top,Silvy,/-/en/Silvy-Celina-Lycra-Sleeves-White-M/dp/B09VTHTW64/ref=sr_1_7040?m=A1ZVRGNO5AYLOV&qid=1668811905&refinements=p_6%3AA1ZVRGNO5AYLOV&s=fashion&sr=1-7040,https://m.media-amazon.com/images/I/31seGFyNrwL._AC_UL320_.jpg,157,,,,,,,,0.0 out of 5 stars
womens Ravin 95915 Ribbed Corduroy Relaxed Fit Shirt - Dusty Blue Shirt,Ravin,/-/en/Ravin-95915-Ribbed-Corduroy-Relaxed/dp/B09N8NW27T/ref=sr_1_7041?m=A1ZVRGNO5AYLOV&qid=1668811905&refinements=p_6%3AA1ZVRGNO5AYLOV&s=fashion&sr=1-7041,https://m.media-amazon.com/images/I/81Xt1e2MuaL._AC_UL320_.jpg,649,,,,,,,,0.0 out of 5 stars
Wicker Handbag With Fabric Hand And Sequin Printed Design For Women - Multi Color,Generic,/-/en/Wicker-Handbag-Fabric-Sequin-Printed/dp/B0B4KR1SZX/ref=sr_1_7042?m=A1ZVRGNO5AYLOV&qid=1668811905&refinements=p_6%3AA1ZVRGNO5AYLOV&s=fashion&sr=1-7042,https://m.media-amazon.com/images/I/61NgPE7Ny3L._AC_UL320_.jpg,139,,,,,,,,0.0 out of 5 stars
"Junior Printed accessories for boy, Navy, 12 Months",junior,/-/en/Junior-Printed-accessories-Navy-Months/dp/B09T6XXTLX/ref=sr_1_7043?m=A1ZVRGNO5AYLOV&qid=1668811905&refinements=p_6%3AA1ZVRGNO5AYLOV&s=fashion&sr=1-7043,https://m.media-amazon.com/images/I/81vOZ1X-IfL._AC_UL320_.jpg,139,,,,,Only 3 left in stock - order soon.,,,5.0 out of 5 stars
womens Elegant Logo Embellished Quilted Faux Leather Backpack With Rounded Chain Embellished Handle 240-40-126-17 Back Pack,Dalydress,/-/en/Dalydress-Elegant-Embellished-Quilted-Backpack/dp/B09VHDPXS9/ref=sr_1_7044?m=A1ZVRGNO5AYLOV&qid=1668811905&refinements=p_6%3AA1ZVRGNO5AYLOV&s=fashion&sr=1-7044,https://m.media-amazon.com/images/I/8107MGmhU3L._AC_UL320_.jpg,"1,289",,,,,,,,0.0 out of 5 stars
ACTIVNEW WOMEN'S FASHION SHOES,activ,/-/en/ACTIVNEW-WOMENS-FASHION-Black-D-Grey/dp/B09TGDPB3X/ref=sr_1_7045?m=A1ZVRGNO5AYLOV&qid=1668811905&refinements=p_6%3AA1ZVRGNO5AYLOV&s=fashion&sr=1-7045,https://m.media-amazon.com/images/I/81B90-FYyWL._AC_UL320_.jpg,739,,,EGP 799.00,,,,,0.0 out of 5 stars
Cotton Buttoned Side-Pocket Straight Cut Cargo Shorts For Men,Ravin,/-/en/Ravin-27117-Casual-Pockets-Comfy/dp/B098164V19/ref=sr_1_7046?m=A1ZVRGNO5AYLOV&qid=1668811905&refinements=p_6%3AA1ZVRGNO5AYLOV&s=fashion&sr=1-7046,https://m.media-amazon.com/images/I/41GgpXd3TQL._AC_UL320_.jpg,299,,,,,,,,0.0 out of 5 stars
"ENERGEN PLUS CBLACK/CDGRY7/CBLACK H68931 RUNNING SHOES - LOW (NON FOOTBALL) For Men, Size",Reebok,/-/en/Reebok-ENERGEN-CBLACK-CDGRY7-RUNNING/dp/B08S5XT1RD/ref=sr_1_7047?m=A1ZVRGNO5AYLOV&qid=1668811905&refinements=p_6%3AA1ZVRGNO5AYLOV&s=fashion&sr=1-7047,https://m.media-amazon.com/images/I/61jfw3yWgDL._AC_UL320_.jpg,"1,139",,,,Limited time deal,,,,5.0 out of 5 stars
"Watch,DK.1.12809-1,Girls' Watches,Analog,SILVER/STEEL,SILVER/STEEL,Quartz,Stainless Steel",Daniel Klein,/-/en/Daniel-Klein-DK-1-12809-1-Watches-Stainless/dp/B09MFVJV58/ref=sr_1_7048?m=A1ZVRGNO5AYLOV&qid=1668811905&refinements=p_6%3AA1ZVRGNO5AYLOV&s=fashion&sr=1-7048,https://m.media-amazon.com/images/I/6165L-V0koL._AC_UL320_.jpg,506,,,,,Only 2 left in stock - order soon.,,,0.0 out of 5 stars
Men 3517095 HOPESHORTSOL Shorts (pack of 1),Splash,/-/en/Splash-Shorts-Men-Black-size-S/dp/B09RJFC3CT/ref=sr_1_7049?m=A1ZVRGNO5AYLOV&qid=1668811905&refinements=p_6%3AA1ZVRGNO5AYLOV&s=fashion&sr=1-7049,https://m.media-amazon.com/images/I/51OJYHdshRL._AC_UL320_.jpg,209,,,,,,,,4.0 out of 5 stars
"Cap For Women, Multi Color",Redtag,/-/en/Redtag-Cap-Women-Multi-Color/dp/B0B1YKHYFS/ref=sr_1_7050?m=A1ZVRGNO5AYLOV&qid=1668811905&refinements=p_6%3AA1ZVRGNO5AYLOV&s=fashion&sr=1-7050,https://m.media-amazon.com/images/I/A1AmCVFQwyL._AC_UL320_.jpg,139,,,EGP 159.21,,,,,0.0 out of 5 stars
Men Slip on Shoes,Grinta,/-/en/Grinta-Men-Slip-Shoes-Brown/dp/B09R16Y3QG/ref=sr_1_7051?m=A1ZVRGNO5AYLOV&qid=1668811905&refinements=p_6%3AA1ZVRGNO5AYLOV&s=fashion&sr=1-7051,https://m.media-amazon.com/images/I/616DUSus5nL._AC_UL320_.jpg,256,,,,,,,,0.0 out of 5 stars
baby-girls Printed Bodysuit for girl Bodysuit (pack of 1),Baby Shoora,/-/en/Baby-Shoora-Printed-Bodysuit-girl-White/dp/B09S68TNPK/ref=sr_1_7052?m=A1ZVRGNO5AYLOV&qid=1668811905&refinements=p_6%3AA1ZVRGNO5AYLOV&s=fashion&sr=1-7052,https://m.media-amazon.com/images/I/51LgaS-0IrL._AC_UL320_.jpg,149,,,EGP 219.00,,,,,4.7 out of 5 stars
mens Front Patched Pocket Long Sleeves Shirt - Goldenrod Shirt,Andora,/-/en/Andora-Front-Patched-Pocket-Sleeves-Shirt/dp/B09M7MJGSZ/ref=sr_1_7053?m=A1ZVRGNO5AYLOV&qid=1668811905&refinements=p_6%3AA1ZVRGNO5AYLOV&s=fashion&sr=1-7053,https://m.media-amazon.com/images/I/61s11a38vNL._AC_UL320_.jpg,225,,,,,,,,4.0 out of 5 stars
Men's Classic Kick (9.5-13) 3 Pack Ankle Socks,Vans,/-/en/Vans-Classic-9-5-13-Ankle-Socks/dp/B00J6J5KAG/ref=sr_1_7054?m=A1ZVRGNO5AYLOV&qid=1668811905&refinements=p_6%3AA1ZVRGNO5AYLOV&s=fashion&sr=1-7054,https://m.media-amazon.com/images/I/61M6CrZJ0sL._AC_UL320_.jpg,429,,,,,,,,4.6 out of 5 stars
Women's Houndstooth & Glittery Lace Sneakers,Dalydress,/-/en/Dalydress-Womens-Houndstooth-Glittery-Sneakers/dp/B09VT82PDJ/ref=sr_1_7055?m=A1ZVRGNO5AYLOV&qid=1668811905&refinements=p_6%3AA1ZVRGNO5AYLOV&s=fashion&sr=1-7055,https://m.media-amazon.com/images/I/713rj9PCdnL._AC_UL320_.jpg,499,,,,,,,,0.0 out of 5 stars
womens S21W516 Shirt,Ravin,/-/en/Ravin-95303-Stain-Sleeves-Pockets/dp/B09SQ45RK3/ref=sr_1_7056?m=A1ZVRGNO5AYLOV&qid=1668811905&refinements=p_6%3AA1ZVRGNO5AYLOV&s=fashion&sr=1-7056,https://m.media-amazon.com/images/I/51Ohgk5GIgL._AC_UL320_.jpg,399,,,,,,,,4.5 out of 5 stars
Perfect Bra Crossback Lycra for Women-White-M,Silvy,/-/en/Silvy-Perfect-Crossback-Lycra-Women-White-M/dp/B09XGPTYQW/ref=sr_1_7057?m=A1ZVRGNO5AYLOV&qid=1668811911&refinements=p_6%3AA1ZVRGNO5AYLOV&s=fashion&sr=1-7057,https://m.media-amazon.com/images/I/71LaolrbFaL._AC_UL320_.jpg,63,,,,,,,,0.0 out of 5 stars
5017 RGBE montre bracelet ladies luxury wrist watch for women,Naviforce,/-/en/NAVIFORCE-5017-montre-bracelet-ladies/dp/B09SF4C8HR/ref=sr_1_7058?m=A1ZVRGNO5AYLOV&qid=1668811911&refinements=p_6%3AA1ZVRGNO5AYLOV&s=fashion&sr=1-7058,https://m.media-amazon.com/images/I/51YcdxRsVFL._AC_UL320_.jpg,"1,090",,,,,,,,0.0 out of 5 stars
mens D2M KNIT PANT Work Utility Outerwear,adidas,/-/en/Adidas-HF7187-TRAINING-legend-PANTS/dp/B09NVTX2YZ/ref=sr_1_7059?m=A1ZVRGNO5AYLOV&qid=1668811911&refinements=p_6%3AA1ZVRGNO5AYLOV&s=fashion&sr=1-7059,https://m.media-amazon.com/images/I/61DlVpSJgjL._AC_UL320_.jpg,"1,096",,,"EGP 1,199.00",,,,,0.0 out of 5 stars
womens plain soft maxi shirt dress plain soft maxi shirt dress,Jamila,/-/en/jamila-Women-plain-dress-baby-blue-XL/dp/B09K6JYBM7/ref=sr_1_7060?m=A1ZVRGNO5AYLOV&qid=1668811911&refinements=p_6%3AA1ZVRGNO5AYLOV&s=fashion&sr=1-7060,https://m.media-amazon.com/images/I/516wxNe7CKL._AC_UL320_.jpg,319,,,,,,,,4.0 out of 5 stars
Mesh Contrast-Lining Lace-up Fashion Sneakers for Men,OX,/-/en/Mesh-Contrast-Lining-Lace-up-Fashion-Sneakers/dp/B08WJQ41TM/ref=sr_1_7061?m=A1ZVRGNO5AYLOV&qid=1668811911&refinements=p_6%3AA1ZVRGNO5AYLOV&s=fashion&sr=1-7061,https://m.media-amazon.com/images/I/61Qnwq4UJVL._AC_UL320_.jpg,99,,,,,,,,2.5 out of 5 stars
Men Fashsion Sneakers,Grinta,/-/en/Grinta-Men-Fashsion-Sneakers-WHITE/dp/B09JKT51TX/ref=sr_1_7062?m=A1ZVRGNO5AYLOV&qid=1668811911&refinements=p_6%3AA1ZVRGNO5AYLOV&s=fashion&sr=1-7062,https://m.media-amazon.com/images/I/51EF+wqYC+L._AC_UL320_.jpg,89,,,,,,,,2.0 out of 5 stars
V2029 Cat Eye Sunglasses With Modern Design And Plastic Frame For Women - Saddle Brown,Vegas,/-/en/Vegas-Sunglasses-Modern-Design-Plastic/dp/B09VL6Y453/ref=sr_1_7063?m=A1ZVRGNO5AYLOV&qid=1668811911&refinements=p_6%3AA1ZVRGNO5AYLOV&s=fashion&sr=1-7063,https://m.media-amazon.com/images/I/41eY7RWpJyL._AC_UL320_.jpg,"1,200",,,,,,,,0.0 out of 5 stars
La Frutta 22675 Nylon Small Baby Bib - Multi Color,La Frutta,/-/en/Frutta-22675-Nylon-Small-Baby/dp/B09HRKG85L/ref=sr_1_7064?m=A1ZVRGNO5AYLOV&qid=1668811911&refinements=p_6%3AA1ZVRGNO5AYLOV&s=fashion&sr=1-7064,https://m.media-amazon.com/images/I/71acwlrDrvL._AC_UL320_.jpg,32,,,,,,,,0.0 out of 5 stars
baby-boys 22204609 Night Shirt,El Sayaad,/-/en/El-Sayaad-Printed-Round-Tshirt/dp/B09XLFRQRL/ref=sr_1_7065?m=A1ZVRGNO5AYLOV&qid=1668811911&refinements=p_6%3AA1ZVRGNO5AYLOV&s=fashion&sr=1-7065,https://m.media-amazon.com/images/I/81V5RJWNL-L._AC_UL320_.jpg,139,,,EGP 169.00,,,,,5.0 out of 5 stars
mens Men sleeveless undershirt high cotton lycra grey melange Underwear,JIL,/-/en/JIL-sleeveless-undershirt-melange-Underwear/dp/B09L84J91J/ref=sr_1_7066?m=A1ZVRGNO5AYLOV&qid=1668811911&refinements=p_6%3AA1ZVRGNO5AYLOV&s=fashion&sr=1-7066,https://m.media-amazon.com/images/I/91x4WtbbmAL._AC_UL320_.jpg,85,,,,,,,,4.2 out of 5 stars
Class Kid Slipp,Ipanema,/-/en/Ipanema-Class-Slipp-Black-Rubber/dp/B09GMNRR75/ref=sr_1_7067?m=A1ZVRGNO5AYLOV&qid=1668811911&refinements=p_6%3AA1ZVRGNO5AYLOV&s=fashion&sr=1-7067,https://m.media-amazon.com/images/I/61dzwMbB+nL._AC_UL320_.jpg,129,,,EGP 195.00,Limited time deal,,,,5.0 out of 5 stars
Women's W Sereno Pt Pants,adidas,/-/en/Adidas-Sereno-Pants-Black-White/dp/B095WWBD21/ref=sr_1_7068?m=A1ZVRGNO5AYLOV&qid=1668811911&refinements=p_6%3AA1ZVRGNO5AYLOV&s=fashion&sr=1-7068,https://m.media-amazon.com/images/I/613H933CLWL._AC_UL320_.jpg,999,,,,,,,,5.0 out of 5 stars
Welt-Pocket Long Sleeves Plaid Shirt for men XS,Ravin,/-/en/Ravin-Welt-Pocket-Sleeves-Plaid-Shirt/dp/B09815FYQK/ref=sr_1_7069?m=A1ZVRGNO5AYLOV&qid=1668811911&refinements=p_6%3AA1ZVRGNO5AYLOV&s=fashion&sr=1-7069,https://m.media-amazon.com/images/I/61ebdri2-MS._AC_UL320_.jpg,279,,,,,,,,0.0 out of 5 stars
unisex-adult LAS95042 Socks,New Balance,/-/en/New-Balance-White-Socks-L/dp/B09QLBJXVV/ref=sr_1_7070?m=A1ZVRGNO5AYLOV&qid=1668811911&refinements=p_6%3AA1ZVRGNO5AYLOV&s=fashion&sr=1-7070,https://m.media-amazon.com/images/I/31tc4Kvs8PL._AC_UL320_.jpg,119,,,EGP 123.75,,,,,0.0 out of 5 stars
Striped Ribbed Trim V-Neck Long Sleeves Pullover for Men,Andora,/-/en/Andora-multi-Pullover-Tops-Color/dp/B08WJJJ866/ref=sr_1_7071?m=A1ZVRGNO5AYLOV&qid=1668811911&refinements=p_6%3AA1ZVRGNO5AYLOV&s=fashion&sr=1-7071,https://m.media-amazon.com/images/I/61fNrqJ7VbL._AC_UL320_.jpg,299,,,,,,,,4.0 out of 5 stars
womens Ravin 96981 Hooded Neck Solid Black Gogh Coat Jacket,Ravin,/-/en/Ravin-96981-Hooded-Solid-Black/dp/B09M3X1BXS/ref=sr_1_7072?m=A1ZVRGNO5AYLOV&qid=1668811911&refinements=p_6%3AA1ZVRGNO5AYLOV&s=fashion&sr=1-7072,https://m.media-amazon.com/images/I/51c8Hu5+pRL._AC_UL320_.jpg,629,,,,,,,,1.0 out of 5 stars
mens MYT SS Graphic Tee SEFUTE T-Shirt,Reebok,/-/en/Reebok-Graphic-semi-future-teal/dp/B09HSGYW13/ref=sr_1_7073?m=A1ZVRGNO5AYLOV&qid=1668811911&refinements=p_6%3AA1ZVRGNO5AYLOV&s=fashion&sr=1-7073,https://m.media-amazon.com/images/I/71O+zt+kGYL._AC_UL320_.jpg,329,,,EGP 349.00,Save 6%,,,,5.0 out of 5 stars
Men Slipper,Grinta,/-/en/Grinta-Men-Slipper-Green-44EU/dp/B09Y4J5P8S/ref=sr_1_7074?m=A1ZVRGNO5AYLOV&qid=1668811911&refinements=p_6%3AA1ZVRGNO5AYLOV&s=fashion&sr=1-7074,https://m.media-amazon.com/images/I/41+IGjwbqjL._AC_UL320_.jpg,185,,,EGP 255.00,,,,,2.2 out of 5 stars
womens Long Sleeve Contrast Tie Blouse 240-54-2136-97 Blouse,Dalydress,/-/en/Dalydress-Sleeve-Contrast-Blouse-Off-White/dp/B09VKMDPS4/ref=sr_1_7075?m=A1ZVRGNO5AYLOV&qid=1668811911&refinements=p_6%3AA1ZVRGNO5AYLOV&s=fashion&sr=1-7075,https://m.media-amazon.com/images/I/81qMeXBKMVL._AC_UL320_.jpg,"1,249",,,,,,,,0.0 out of 5 stars
shoes for Boys synthetic fibers,Mix & Max,/-/en/Mix-shoes-synthetic-fibers-Month/dp/B09CV97P6P/ref=sr_1_7076?m=A1ZVRGNO5AYLOV&qid=1668811911&refinements=p_6%3AA1ZVRGNO5AYLOV&s=fashion&sr=1-7076,https://m.media-amazon.com/images/I/71YQRo9ksdL._AC_UL320_.jpg,179,,,,Limited time deal,,,,5.0 out of 5 stars
Men Slip On Shoes,Grinta,/-/en/Grinta-Men-Slip-Shoes-BROWN/dp/B09TXYYNXS/ref=sr_1_7077?m=A1ZVRGNO5AYLOV&qid=1668811911&refinements=p_6%3AA1ZVRGNO5AYLOV&s=fashion&sr=1-7077,https://m.media-amazon.com/images/I/41TfMQRlhoL._AC_UL320_.jpg,149,,,,,,,,0.0 out of 5 stars
HERA CHAIN NECKLACE,Buckley London,/-/en/BUCKLEY-LONDON-HERA-CHAIN-NECKLACE/dp/B09Y64S25R/ref=sr_1_7078?m=A1ZVRGNO5AYLOV&qid=1668811911&refinements=p_6%3AA1ZVRGNO5AYLOV&s=fashion&sr=1-7078,https://m.media-amazon.com/images/I/61sO04LllCL._AC_UL320_.jpg,769,,,,,,,,0.0 out of 5 stars
Boys Chino Pants Pants,Redtag,/-/en/Redtag-Chino-Pants-Boys-Green/dp/B0B215DK78/ref=sr_1_7079?m=A1ZVRGNO5AYLOV&qid=1668811911&refinements=p_6%3AA1ZVRGNO5AYLOV&s=fashion&sr=1-7079,https://m.media-amazon.com/images/I/91p2CMu2DYL._AC_UL320_.jpg,149,,,EGP 179.00,,,,,0.0 out of 5 stars
womens Cardigan With Snaps Cardigan Sweater,Dalydress,/-/en/Cardigan-With-Snaps-BLACK-S/dp/B09LCF87D7/ref=sr_1_7080?m=A1ZVRGNO5AYLOV&qid=1668811911&refinements=p_6%3AA1ZVRGNO5AYLOV&s=fashion&sr=1-7080,https://m.media-amazon.com/images/I/61QRXxUHb9L._AC_UL320_.jpg,559,,,,,,,,0.0 out of 5 stars
Lucy Girls Lycra Half Sleeves Top Underwear For Girls-Black-10-12Years,Silvy,/-/en/Silvy-Girls-Sleeves-Underwear-Girls-Black-10-12Years/dp/B0B1Z43GP4/ref=sr_1_7081?m=A1ZVRGNO5AYLOV&qid=1668811911&refinements=p_6%3AA1ZVRGNO5AYLOV&s=fashion&sr=1-7081,https://m.media-amazon.com/images/I/21VrcAf6ueL._AC_UL320_.jpg,102,,,,,,,,0.0 out of 5 stars
Scoop-Neck Solid Slim-Fit Tank Top for Women,Cottonil,/-/en/Cottonil-Tank-Sleeveless-Undershirt-Women/dp/B096L78MJ1/ref=sr_1_7082?m=A1ZVRGNO5AYLOV&qid=1668811911&refinements=p_6%3AA1ZVRGNO5AYLOV&s=fashion&sr=1-7082,https://m.media-amazon.com/images/I/614scas39bS._AC_UL320_.jpg,79,,,,,,,,4.0 out of 5 stars
"training essentials graphic tee black female, Small",Reebok,/-/en/Reebok-Graphic-H51872-TRAINING-T-SHIRT/dp/B09NVWF5RL/ref=sr_1_7083?m=A1ZVRGNO5AYLOV&qid=1668811911&refinements=p_6%3AA1ZVRGNO5AYLOV&s=fashion&sr=1-7083,https://m.media-amazon.com/images/I/41L+Sq+f44L._AC_UL320_.jpg,295,,,EGP 449.00,Limited time deal,,,,4.5 out of 5 stars
shoes for girls synthetic fibers,Mix & Max,/-/en/Mix-Max-synthetic-fibers-18/dp/B09CV74KZP/ref=sr_1_7084?m=A1ZVRGNO5AYLOV&qid=1668811911&refinements=p_6%3AA1ZVRGNO5AYLOV&s=fashion&sr=1-7084,https://m.media-amazon.com/images/I/71xSyQd73fL._AC_UL320_.jpg,169,,,,Limited time deal,,,,0.0 out of 5 stars
Men Fashion Sneakers,Grinta,/-/en/Grinta-Men-Fashion-Sneakers-BLACK/dp/B09SFC1K15/ref=sr_1_7085?m=A1ZVRGNO5AYLOV&qid=1668811911&refinements=p_6%3AA1ZVRGNO5AYLOV&s=fashion&sr=1-7085,https://m.media-amazon.com/images/I/51de7cmMuBL._AC_UL320_.jpg,169,,,,,,,,3.3 out of 5 stars
womens HW400 Casual Sock,Hobby,/-/en/Hobby-Cotton-Classic-Casual-Women-Black-Size/dp/B0B39P53RS/ref=sr_1_7086?m=A1ZVRGNO5AYLOV&qid=1668811911&refinements=p_6%3AA1ZVRGNO5AYLOV&s=fashion&sr=1-7086,https://m.media-amazon.com/images/I/41eT2yMAOEL._AC_UL320_.jpg,44,,,,,,,,4.5 out of 5 stars
Casual Printed Long Sleeve Shirt for Men's,White Rabbit,/-/en/White-Rabbit-Casual-Printed-XXX-Large/dp/B09G1QCDKS/ref=sr_1_7087?m=A1ZVRGNO5AYLOV&qid=1668811911&refinements=p_6%3AA1ZVRGNO5AYLOV&s=fashion&sr=1-7087,https://m.media-amazon.com/images/I/71E5H86VZlL._AC_UL320_.jpg,405,,,,,,,,0.0 out of 5 stars
boys Boys Stitched Hoodie With Side Pockets - Heather Grey & Black Sweatshirt,Andora,/-/en/Andora-boys-Stitched-Hoodie-Pockets/dp/B09FGNY59Y/ref=sr_1_7088?m=A1ZVRGNO5AYLOV&qid=1668811911&refinements=p_6%3AA1ZVRGNO5AYLOV&s=fashion&sr=1-7088,https://m.media-amazon.com/images/I/91r8KOr-HzL._AC_UL320_.jpg,149,,,EGP 299.00,,,,,5.0 out of 5 stars
mens S18PTCA04 Pants,Dockland,/-/en/Dockland-Casual-5-Pocket-C-Block-Green/dp/B09KCKGVKJ/ref=sr_1_7089?m=A1ZVRGNO5AYLOV&qid=1668811911&refinements=p_6%3AA1ZVRGNO5AYLOV&s=fashion&sr=1-7089,https://m.media-amazon.com/images/I/51UnuDOqwvL._AC_UL320_.jpg,199,,,EGP 200.00,Save 1%,,,,3.0 out of 5 stars
"Papillon Cotton Contrast-Trim Short-Sleeve Undershirt with Brief Underwear Set for Boys - White & Green, 2 Pieces, 12 Years",Papillion,/-/en/Papillon-Contrast-Trim-Short-Sleeve-Undershirt-Underwear/dp/B08BCS7RLP/ref=sr_1_7090?m=A1ZVRGNO5AYLOV&qid=1668811911&refinements=p_6%3AA1ZVRGNO5AYLOV&s=fashion&sr=1-7090,https://m.media-amazon.com/images/I/71UtJCVk6VL._AC_UL320_.jpg,89,,Get 20% off,,,,,,0.0 out of 5 stars
mens Town Team Washed Jeans Pant Jeans,Town Team,/-/en/Town-Team-Washed-Jeans-Pant/dp/B09FTHV3VJ/ref=sr_1_7091?m=A1ZVRGNO5AYLOV&qid=1668811911&refinements=p_6%3AA1ZVRGNO5AYLOV&s=fashion&sr=1-7091,https://m.media-amazon.com/images/I/81s0RKsnFLL._AC_UL320_.jpg,559,,,,,,,,2.9 out of 5 stars
Washed Jeans Pant,Town Team,/-/en/Town-Team-Washed-Jeans-Pant/dp/B09FTF9NW5/ref=sr_1_7092?m=A1ZVRGNO5AYLOV&qid=1668811911&refinements=p_6%3AA1ZVRGNO5AYLOV&s=fashion&sr=1-7092,https://m.media-amazon.com/images/I/71j-alKX-tL._AC_UL320_.jpg,559,,,,,,,,3.0 out of 5 stars
Mens Casual Comfortable T-Shirt,Cool,/-/en/Cool-Casual-Comfortable-Shirt-White/dp/B093G4CT11/ref=sr_1_7093?m=A1ZVRGNO5AYLOV&qid=1668811911&refinements=p_6%3AA1ZVRGNO5AYLOV&s=fashion&sr=1-7093,https://m.media-amazon.com/images/I/51q1bIBuZiS._AC_UL320_.jpg,79,,,,,,,,3.9 out of 5 stars
"girls MacBook Pro Watch, Cranberry, Large EU",ROLLING LIGHT-UP SNAIL POPPER,/-/en/ROLLING-LIGHT-UP-SNAIL-POPPER-Cranberry/dp/B000296MWO/ref=sr_1_7094?m=A1ZVRGNO5AYLOV&qid=1668811911&refinements=p_6%3AA1ZVRGNO5AYLOV&s=fashion&sr=1-7094,https://m.media-amazon.com/images/I/61q10aE98jL._AC_UL320_.jpg,299,,Get 20% off,,,,,,4.6 out of 5 stars
mens Short Sleeve Regular Fit Plain Crew Neck Stretch Cotton T-Shirt 220-586-3008-10 T-Shirt,Dalydress,/-/en/Dalydress-Sleeve-Regular-Stretch-T-Shirt/dp/B09VJ6Z13D/ref=sr_1_7095?m=A1ZVRGNO5AYLOV&qid=1668811911&refinements=p_6%3AA1ZVRGNO5AYLOV&s=fashion&sr=1-7095,https://m.media-amazon.com/images/I/71B5R2S8lOL._AC_UL320_.jpg,199,,,,,,,,0.0 out of 5 stars
Open Front Side Pockets Cardigan for Women,Jamila,/-/en/Jamila-Front-Pockets-Cardigan-Women/dp/B096L7TXKL/ref=sr_1_7096?m=A1ZVRGNO5AYLOV&qid=1668811911&refinements=p_6%3AA1ZVRGNO5AYLOV&s=fashion&sr=1-7096,https://m.media-amazon.com/images/I/61koclVn9mS._AC_UL320_.jpg,219,,,,,,,,0.0 out of 5 stars
ST TROPEZ 55 CM 4 D.W. EXP. CABIN TROLLEY ZST (BLACK),Delsey,/-/en/DELSEY-TROPEZ-CABIN-TROLLEY-BLACK/dp/B086Y7Q31C/ref=sr_1_7097?m=A1ZVRGNO5AYLOV&qid=1668811911&refinements=p_6%3AA1ZVRGNO5AYLOV&s=fashion&sr=1-7097,https://m.media-amazon.com/images/I/816C9M-XHOL._AC_UL320_.jpg,"6,289",,,,,,,,0.0 out of 5 stars
Womens Casual Wide Leg Jeans 810-460-502-82 Jeans,Premoda,/-/en/Premoda-Casual-Jeans-Women-Indigo/dp/B09Y9B39WB/ref=sr_1_7098?m=A1ZVRGNO5AYLOV&qid=1668811911&refinements=p_6%3AA1ZVRGNO5AYLOV&s=fashion&sr=1-7098,https://m.media-amazon.com/images/I/8112wkuz9eL._AC_UL320_.jpg,499,,,,,,,,4.0 out of 5 stars
Camel Tote shoulder bag Shoulder bag embellished with snake pattern straps.,Dejavu,/-/en/Dejavu-Tote-shoulder-Shoulder-embellished-pattern/dp/B09NMFJRK9/ref=sr_1_7099?m=A1ZVRGNO5AYLOV&qid=1668811911&refinements=p_6%3AA1ZVRGNO5AYLOV&s=fashion&sr=1-7099,https://m.media-amazon.com/images/I/81kVRMQDraL._AC_UL320_.jpg,799,,,,Limited time deal,,,,4.0 out of 5 stars
"watch,DK.1.12788-1,Girls' Watches,Analog, SILVER/STEEL,Quartz,Stainless Steel",Daniel Klein,/-/en/Daniel-DK-1-12788-1-Watches-Analog-Stainless/dp/B09MFWFPY8/ref=sr_1_7100?m=A1ZVRGNO5AYLOV&qid=1668811911&refinements=p_6%3AA1ZVRGNO5AYLOV&s=fashion&sr=1-7100,https://m.media-amazon.com/images/I/51JQum75sXL._AC_UL320_.jpg,455,,,,Limited time deal,,,,0.0 out of 5 stars
Horizontal Ribbed Regular Fit T,White Rabbit,/-/en/White-Rabbit-Horizontal-Regular-T-Shirt/dp/B09G1WMMWY/ref=sr_1_7101?m=A1ZVRGNO5AYLOV&qid=1668811911&refinements=p_6%3AA1ZVRGNO5AYLOV&s=fashion&sr=1-7101,https://m.media-amazon.com/images/I/61zJzlczbCL._AC_UL320_.jpg,235,,,,,,,,0.0 out of 5 stars
"W Lin T Gl0768 Not Sports Specific T-Shirt (Short Sleeve) For Women, White, XL",adidas,/-/en/Adidas-Gl0768-Sports-Specific-T-Shirt/dp/B08LD2MGLQ/ref=sr_1_7102?m=A1ZVRGNO5AYLOV&qid=1668811911&refinements=p_6%3AA1ZVRGNO5AYLOV&s=fashion&sr=1-7102,https://m.media-amazon.com/images/I/61gPeHwEP+L._AC_UL320_.jpg,379,,,,TOP DEAL,,,,3.9 out of 5 stars
Mens Casual Printed WR146S21 T-Shirt (pack of 1),White Rabbit,/-/en/White-Rabbit-Daynamic-Casual-Printed/dp/B09G1XPQCZ/ref=sr_1_7103?m=A1ZVRGNO5AYLOV&qid=1668811911&refinements=p_6%3AA1ZVRGNO5AYLOV&s=fashion&sr=1-7103,https://m.media-amazon.com/images/I/51gX-SxPa0L._AC_UL320_.jpg,200,,,,,,,,5.0 out of 5 stars
womens Long Sleeve Plain Comfort Fit Linen Shirt 240-54-2136-95 Blouse,Dalydress,/-/en/Dalydress-Sleeve-Plain-Comfort-Linen/dp/B09VKJF8H6/ref=sr_1_7104?m=A1ZVRGNO5AYLOV&qid=1668811911&refinements=p_6%3AA1ZVRGNO5AYLOV&s=fashion&sr=1-7104,https://m.media-amazon.com/images/I/71tas7xFV1L._AC_UL320_.jpg,899,,,,,,,,5.0 out of 5 stars
Camel Tote shoulder bag Shoulder bag embellished with snake pattern straps.,Dejavu,/-/en/Dejavu-Tote-shoulder-Shoulder-embellished-pattern/dp/B09NMFJRK9/ref=sr_1_7105?m=A1ZVRGNO5AYLOV&qid=1668811914&refinements=p_6%3AA1ZVRGNO5AYLOV&s=fashion&sr=1-7105,https://m.media-amazon.com/images/I/81kVRMQDraL._AC_UL320_.jpg,799,,,,Limited time deal,,,,4.0 out of 5 stars
"watch,DK.1.12788-1,Girls' Watches,Analog, SILVER/STEEL,Quartz,Stainless Steel",Daniel Klein,/-/en/Daniel-DK-1-12788-1-Watches-Analog-Stainless/dp/B09MFWFPY8/ref=sr_1_7106?m=A1ZVRGNO5AYLOV&qid=1668811914&refinements=p_6%3AA1ZVRGNO5AYLOV&s=fashion&sr=1-7106,https://m.media-amazon.com/images/I/51JQum75sXL._AC_UL320_.jpg,455,,,,Limited time deal,,,,0.0 out of 5 stars
Mens Casual Printed WR146S21 T-Shirt (pack of 1),White Rabbit,/-/en/White-Rabbit-Daynamic-Casual-Printed/dp/B09G1XPQCZ/ref=sr_1_7107?m=A1ZVRGNO5AYLOV&qid=1668811914&refinements=p_6%3AA1ZVRGNO5AYLOV&s=fashion&sr=1-7107,https://m.media-amazon.com/images/I/51gX-SxPa0L._AC_UL320_.jpg,200,,,,,,,,5.0 out of 5 stars
Horizontal Ribbed Regular Fit T,White Rabbit,/-/en/White-Rabbit-Horizontal-Regular-T-Shirt/dp/B09G1WMMWY/ref=sr_1_7108?m=A1ZVRGNO5AYLOV&qid=1668811914&refinements=p_6%3AA1ZVRGNO5AYLOV&s=fashion&sr=1-7108,https://m.media-amazon.com/images/I/61zJzlczbCL._AC_UL320_.jpg,235,,,,,,,,0.0 out of 5 stars
"W Lin T Gl0768 Not Sports Specific T-Shirt (Short Sleeve) For Women, White, XL",adidas,/-/en/Adidas-Gl0768-Sports-Specific-T-Shirt/dp/B08LD2MGLQ/ref=sr_1_7109?m=A1ZVRGNO5AYLOV&qid=1668811914&refinements=p_6%3AA1ZVRGNO5AYLOV&s=fashion&sr=1-7109,https://m.media-amazon.com/images/I/61gPeHwEP+L._AC_UL320_.jpg,379,,,,TOP DEAL,,,,3.9 out of 5 stars
womens Long Sleeve Plain Comfort Fit Linen Shirt 240-54-2136-95 Blouse,Dalydress,/-/en/Dalydress-Sleeve-Plain-Comfort-Linen/dp/B09VKJF8H6/ref=sr_1_7110?m=A1ZVRGNO5AYLOV&qid=1668811914&refinements=p_6%3AA1ZVRGNO5AYLOV&s=fashion&sr=1-7110,https://m.media-amazon.com/images/I/71tas7xFV1L._AC_UL320_.jpg,899,,,,,,,,5.0 out of 5 stars
mens Heather Charcoal Ribbed Round Collar Slip On Sweatshirt Sweatshirt,Andora,/-/en/Andora-Heather-Charcoal-Ribbed-Sweatshirt/dp/B09GM74RCY/ref=sr_1_7111?m=A1ZVRGNO5AYLOV&qid=1668811914&refinements=p_6%3AA1ZVRGNO5AYLOV&s=fashion&sr=1-7111,https://m.media-amazon.com/images/I/71a660R+xaL._AC_UL320_.jpg,225,,,,,,,,5.0 out of 5 stars
mens Set Of 4 Hero basic Boxers+ one free Boxer Underwear (pack of 5),Hero Basic,/-/en/Hero-Basic-Boxers-Men-Black-pieces/dp/B09VDTD187/ref=sr_1_7112?m=A1ZVRGNO5AYLOV&qid=1668811914&refinements=p_6%3AA1ZVRGNO5AYLOV&s=fashion&sr=1-7112,https://m.media-amazon.com/images/I/71zGQVDBLYL._AC_UL320_.jpg,277,,,,,,,,3.6 out of 5 stars
MATERA 2.0 SPORTS Collection For MEN Color,Skechers,/-/en/SKECHERS-MATERA-SPORTS-Collection-Color/dp/B09S1CRC2M/ref=sr_1_7113?m=A1ZVRGNO5AYLOV&qid=1668811914&refinements=p_6%3AA1ZVRGNO5AYLOV&s=fashion&sr=1-7113,https://m.media-amazon.com/images/I/41vVyPcE1ZL._AC_UL320_.jpg,"2,979",,,,,,,,5.0 out of 5 stars
mens WR200S20 T-Shirt (pack of 2),White Rabbit,/-/en/White-Rabbit-Comfortable-T-Shirt-XX-Large/dp/B09G1WF7X7/ref=sr_1_7114?m=A1ZVRGNO5AYLOV&qid=1668811914&refinements=p_6%3AA1ZVRGNO5AYLOV&s=fashion&sr=1-7114,https://m.media-amazon.com/images/I/51y2L3DANiL._AC_UL320_.jpg,194,,,,,,,,0.0 out of 5 stars
ACTIVNEW CASUAL,activ,/-/en/activ-20216932-ACTIVNEW-CASUAL-SHOES-BROWN-43/dp/B09NL5DCSS/ref=sr_1_7115?m=A1ZVRGNO5AYLOV&qid=1668811914&refinements=p_6%3AA1ZVRGNO5AYLOV&s=fashion&sr=1-7115,https://m.media-amazon.com/images/I/81zofWdLjBL._AC_UL320_.jpg,609,,,,,,,,1.0 out of 5 stars
womens U1549AZ Skirt,DeFacto,/-/en/DeFacto-Woman-Line-Skirt-Knitted/dp/B09HKXMKPT/ref=sr_1_7116?m=A1ZVRGNO5AYLOV&qid=1668811914&refinements=p_6%3AA1ZVRGNO5AYLOV&s=fashion&sr=1-7116,https://m.media-amazon.com/images/I/71ngul7ffpL._AC_UL320_.jpg,420,,,,,,,,5.0 out of 5 stars
RESPONSE SUPER 2.0 RUNNING SHOES For Women - ftwr white - 39 1/3 EU,adidas,/-/en/adidas-womens-Sneaker-Black-fraction_37_and_1_third/dp/B0919RZNDC/ref=sr_1_7117?m=A1ZVRGNO5AYLOV&qid=1668811914&refinements=p_6%3AA1ZVRGNO5AYLOV&s=fashion&sr=1-7117,https://m.media-amazon.com/images/I/51dOz9EPKaL._AC_UL320_.jpg,"1,469",,,,TOP DEAL,,,,5.0 out of 5 stars
womens 6035914 GTWAW21585 T-Shirt (pack of 1),Splash,/-/en/Splash-Basic-Tshirt-Women-Blue-size/dp/B09RJF6H5J/ref=sr_1_7118?m=A1ZVRGNO5AYLOV&qid=1668811914&refinements=p_6%3AA1ZVRGNO5AYLOV&s=fashion&sr=1-7118,https://m.media-amazon.com/images/I/61BnURpa0vL._AC_UL320_.jpg,139,,,,,,,,3.5 out of 5 stars
"Womens Bobs Primo Popsicle Training Shoes, Color",Skechers,/-/en/Skechers-Womens-Popsicle-Training-Natural/dp/B07QGLN3SJ/ref=sr_1_7119?m=A1ZVRGNO5AYLOV&qid=1668811914&refinements=p_6%3AA1ZVRGNO5AYLOV&s=fashion&sr=1-7119,https://m.media-amazon.com/images/I/41OcV58-BhL._AC_UL320_.jpg,"1,609",,,,Limited time deal,,,,5.0 out of 5 stars
NY2827 Strass Embellished Two-Tone Stainless Steel Round Analog Water Resistant Watch for Women - Rose Gold and Silver,DKNY,/-/en/DKNY-NY2827-Embellished-Stainless-Resistant/dp/B07W8SWNKM/ref=sr_1_7120?m=A1ZVRGNO5AYLOV&qid=1668811914&refinements=p_6%3AA1ZVRGNO5AYLOV&s=fashion&sr=1-7120,https://m.media-amazon.com/images/I/61YUTJ78GSL._AC_UL320_.jpg,"2,659",,,,,,,,5.0 out of 5 stars
adidas,adidas,/-/en/adidas-Mens-Falcon-Shoes-Color/dp/B08PVR524P/ref=sr_1_7121?m=A1ZVRGNO5AYLOV&qid=1668811914&refinements=p_6%3AA1ZVRGNO5AYLOV&s=fashion&sr=1-7121,https://m.media-amazon.com/images/I/81kkRy-6A9L._AC_UL320_.jpg,"1,879",,,,,,,,4.3 out of 5 stars
Z3-969-Fashionable genuine leather lace up with a light orthopedic sole for comfort feet,Zero3,/-/en/Zero3-Z3-969-Fashionable-genuine-leather-orthopedic-feet-black-42/dp/B09VGX1M6N/ref=sr_1_7122?m=A1ZVRGNO5AYLOV&qid=1668811914&refinements=p_6%3AA1ZVRGNO5AYLOV&s=fashion&sr=1-7122,https://m.media-amazon.com/images/I/51FDYc4jPTL._AC_UL320_.jpg,429,,,,Limited time deal,,,,0.0 out of 5 stars
Men's Go Walk 5 Qualify Trainers,Skechers,/-/en/Skechers-Mens-Qualify-Trainers-Burgundy/dp/B07X1Y4ZZM/ref=sr_1_7123?m=A1ZVRGNO5AYLOV&qid=1668811914&refinements=p_6%3AA1ZVRGNO5AYLOV&s=fashion&sr=1-7123,https://m.media-amazon.com/images/I/71i1e2YuQEL._AC_UL320_.jpg,"1,579",,,,TOP DEAL,,,,5.0 out of 5 stars
"Bracelet For Men Flux Stainless Steel Gun Metal Plated ,Browen Leather & Black Macrame",Cerruti 1881,/-/en/Cerruti-1881-Bracelet-Stainless-Leather/dp/B09MK98NG6/ref=sr_1_7124?m=A1ZVRGNO5AYLOV&qid=1668811914&refinements=p_6%3AA1ZVRGNO5AYLOV&s=fashion&sr=1-7124,https://m.media-amazon.com/images/I/71+ZvewS1gL._AC_UL320_.jpg,"2,133",,,,Limited time deal,,,,0.0 out of 5 stars
Women Pjama Plaided Pants & Round Tshirt-NAVY*red-3XL,Kady,/-/en/Women-Pjama-Plaided-Tshirt-NAVY-red-3XL/dp/B09DGSBXZ7/ref=sr_1_7125?m=A1ZVRGNO5AYLOV&qid=1668811914&refinements=p_6%3AA1ZVRGNO5AYLOV&s=fashion&sr=1-7125,https://m.media-amazon.com/images/I/61f9FNCQ-+L._AC_UL320_.jpg,199,,Get 20% off,,,,,,5.0 out of 5 stars
set of 6 Undershirt O neck Multicolor,Cottonil,/-/en/Cottonil-set-Undershirt-neck-Multicolor/dp/B09LMNT6TY/ref=sr_1_7126?m=A1ZVRGNO5AYLOV&qid=1668811914&refinements=p_6%3AA1ZVRGNO5AYLOV&s=fashion&sr=1-7126,https://m.media-amazon.com/images/I/51RuYFu0HIL._AC_UL320_.jpg,468,,,,,,,,5.0 out of 5 stars
"Women Rose Gold Platted Metal Charm Bracelet, 19 cm - 586543-19",PANDORA,/-/en/Pandora-Women-Platted-Metal-Bracelet/dp/B07F5LQK4Z/ref=sr_1_7127?m=A1ZVRGNO5AYLOV&qid=1668811914&refinements=p_6%3AA1ZVRGNO5AYLOV&s=fashion&sr=1-7127,https://m.media-amazon.com/images/I/71BCSKZGsaL._AC_UL320_.jpg,"2,660",,,,,,,,0.0 out of 5 stars
"Analog Mens Watch (Silver Dial,Black Colored Strap)",Q&Q,/-/en/Analog-Watch-Silver-Black-Colored/dp/B0976G24X8/ref=sr_1_7128?m=A1ZVRGNO5AYLOV&qid=1668811914&refinements=p_6%3AA1ZVRGNO5AYLOV&s=fashion&sr=1-7128,https://m.media-amazon.com/images/I/51QgrQJdkXL._AC_UL320_.jpg,390,,,,,Only 2 left in stock - order soon.,,,0.0 out of 5 stars
Men Casual Shoes,Grinta,/-/en/Grinta-Men-Casual-Shoes-BROWN/dp/B09XL1M8KX/ref=sr_1_7129?m=A1ZVRGNO5AYLOV&qid=1668811914&refinements=p_6%3AA1ZVRGNO5AYLOV&s=fashion&sr=1-7129,https://m.media-amazon.com/images/I/51-OImXVSAL._AC_UL320_.jpg,369,,,,,,,,1.0 out of 5 stars
K Ad Slipper/Whi,Rider,/-/en/Rider-Slipper-White-Blue-Rubber/dp/B09GMRNFYM/ref=sr_1_7130?m=A1ZVRGNO5AYLOV&qid=1668811914&refinements=p_6%3AA1ZVRGNO5AYLOV&s=fashion&sr=1-7130,https://m.media-amazon.com/images/I/71Qo2KBlmtL._AC_UL320_.jpg,319,,,,,,,,3.1 out of 5 stars
Men Casual Shoes,Grinta,/-/en/Grinta-Casual-Shoes-Brown-41EU/dp/B09JKTVWY4/ref=sr_1_7131?m=A1ZVRGNO5AYLOV&qid=1668811914&refinements=p_6%3AA1ZVRGNO5AYLOV&s=fashion&sr=1-7131,https://m.media-amazon.com/images/I/61d-WvBT27L._AC_UL320_.jpg,179,,,,,,,,2.0 out of 5 stars
mens 5006-GREY T-Shirt,Grinta,/-/en/Grinta-Men-T-shirt-Round-Neck/dp/B09FFSW4VK/ref=sr_1_7132?m=A1ZVRGNO5AYLOV&qid=1668811914&refinements=p_6%3AA1ZVRGNO5AYLOV&s=fashion&sr=1-7132,https://m.media-amazon.com/images/I/41jKoSxqhAL._AC_UL320_.jpg,76,,,,,,,,4.6 out of 5 stars
Men Fashion Sneakers,Grinta,/-/en/Grinta-Men-Fashion-Sneakers-WHITE/dp/B09W83LL5Y/ref=sr_1_7133?m=A1ZVRGNO5AYLOV&qid=1668811914&refinements=p_6%3AA1ZVRGNO5AYLOV&s=fashion&sr=1-7133,https://m.media-amazon.com/images/I/41Cq-kQHjHL._AC_UL320_.jpg,207,,,,,,,,2.2 out of 5 stars
mens WR804S18 Sweatpants (pack of 1),White Rabbit,/-/en/White-Rabbit-Stylish-Casual-Sweatpants/dp/B09QD4GFG2/ref=sr_1_7134?m=A1ZVRGNO5AYLOV&qid=1668811914&refinements=p_6%3AA1ZVRGNO5AYLOV&s=fashion&sr=1-7134,https://m.media-amazon.com/images/I/7141RijL-RL._AC_UL320_.jpg,230,,,,,,,,0.0 out of 5 stars
School Lace-Up Shoes For Baby Boy,Bellino,/-/en/Bellino-School-Lace-Up-Shoes-black/dp/B09CTSB7RJ/ref=sr_1_7135?m=A1ZVRGNO5AYLOV&qid=1668811914&refinements=p_6%3AA1ZVRGNO5AYLOV&s=fashion&sr=1-7135,https://m.media-amazon.com/images/I/712+8buvmQL._AC_UL320_.jpg,199,,,,,,,,1.0 out of 5 stars
mens WR1100S21 Jeans (pack of 1),White Rabbit,/-/en/White-Rabbit-Straight-Cotton-VintageFor/dp/B09QD33ZTR/ref=sr_1_7136?m=A1ZVRGNO5AYLOV&qid=1668811914&refinements=p_6%3AA1ZVRGNO5AYLOV&s=fashion&sr=1-7136,https://m.media-amazon.com/images/I/61cSxBLqkzL._AC_UL320_.jpg,360,,,,,,,,5.0 out of 5 stars
"ACTIVNEW TEAMBAG,RED*BLK,24",Activ,/-/en/ACTIVNEW-TEAMBAG-RED-BLK-24/dp/B09SX5QWWN/ref=sr_1_7137?m=A1ZVRGNO5AYLOV&qid=1668811914&refinements=p_6%3AA1ZVRGNO5AYLOV&s=fashion&sr=1-7137,https://m.media-amazon.com/images/I/91jQGDcPqkL._AC_UL320_.jpg,529,,,,,,,,0.0 out of 5 stars
baby-boys L301 Boxer Shorts,Skills,/-/en/Skills-Cotton-boxer-printed-Yellow-6Years/dp/B09KQVLVMQ/ref=sr_1_7138?m=A1ZVRGNO5AYLOV&qid=1668811914&refinements=p_6%3AA1ZVRGNO5AYLOV&s=fashion&sr=1-7138,https://m.media-amazon.com/images/I/81Io74RJkJL._AC_UL320_.jpg,32,,,,,,,,3.2 out of 5 stars
Zaxy Reflex Slide Fem Slipper,Zaxy,/-/en/Zaxy-Reflex-Slipper-Transp-Rubber/dp/B09GMRPR54/ref=sr_1_7139?m=A1ZVRGNO5AYLOV&qid=1668811914&refinements=p_6%3AA1ZVRGNO5AYLOV&s=fashion&sr=1-7139,https://m.media-amazon.com/images/I/61b-2I4JALL._AC_UL320_.jpg,299,,,,,,,,4.6 out of 5 stars
Men Half Boat,Grinta,/-/en/Grinta-Men-Half-Boat-GREY/dp/B09K5LCLP4/ref=sr_1_7140?m=A1ZVRGNO5AYLOV&qid=1668811914&refinements=p_6%3AA1ZVRGNO5AYLOV&s=fashion&sr=1-7140,https://m.media-amazon.com/images/I/61tV-stvkcL._AC_UL320_.jpg,399,,,,,,,,2.0 out of 5 stars
Engraved Sole Contrast Logo Lace-Up Running Shoes for Men,Anta,/-/en/Engraved-Contrast-Lace-Up-Running-Shoes/dp/B08Z486JBK/ref=sr_1_7141?m=A1ZVRGNO5AYLOV&qid=1668811914&refinements=p_6%3AA1ZVRGNO5AYLOV&s=fashion&sr=1-7141,https://m.media-amazon.com/images/I/511678lNoCL._AC_UL320_.jpg,"1,019",,,,,,,,3.0 out of 5 stars
Men's M Bl Ft Pt Pants,adidas,/-/en/Adidas-GK8979-SPORTS-SPECIFIC-legend/dp/B08R66HQV7/ref=sr_1_7142?m=A1ZVRGNO5AYLOV&qid=1668811914&refinements=p_6%3AA1ZVRGNO5AYLOV&s=fashion&sr=1-7142,https://m.media-amazon.com/images/I/41q88F2jwlL._AC_UL320_.jpg,"1,379",,,,,,,,4.1 out of 5 stars
Silver Metal Round Men Watch,CASSRAY,/-/en/CASSRAY-Silver-Metal-Round-Watch/dp/B09WRM3X83/ref=sr_1_7143?m=A1ZVRGNO5AYLOV&qid=1668811914&refinements=p_6%3AA1ZVRGNO5AYLOV&s=fashion&sr=1-7143,https://m.media-amazon.com/images/I/61JWZwdPXeL._AC_UL320_.jpg,139,,,,Limited time deal,Only 1 left in stock - order soon.,,,0.0 out of 5 stars
Womens 95970 Wide Leg Plain Cotton Denim White Pants Jeans,Ravin,/-/en/Ravin-Womens-95970-Plain-Cotton/dp/B09N94PYPS/ref=sr_1_7144?m=A1ZVRGNO5AYLOV&qid=1668811914&refinements=p_6%3AA1ZVRGNO5AYLOV&s=fashion&sr=1-7144,https://m.media-amazon.com/images/I/51wsAYs8UUL._AC_UL320_.jpg,449,,,,,,,,3.0 out of 5 stars
Women's Sawyer Rose Gold-Tone Watch MK2445,Michael Kors,/-/en/Michael-Kors-Womens-Gold-Tone-MK2445/dp/B011PLVO98/ref=sr_1_7145?m=A1ZVRGNO5AYLOV&qid=1668811914&refinements=p_6%3AA1ZVRGNO5AYLOV&s=fashion&sr=1-7145,https://m.media-amazon.com/images/I/91r3vnl8OyL._AC_UL320_.jpg,"3,849",,,,,Only 1 left in stock - order soon.,,,3.1 out of 5 stars
Women Mini Parker Three Hand Watch MK-6469,Michael Kors,/-/en/Michael-Kors-Women-Parker-MK-6469/dp/B01N2TDXJ6/ref=sr_1_7146?m=A1ZVRGNO5AYLOV&qid=1668811914&refinements=p_6%3AA1ZVRGNO5AYLOV&s=fashion&sr=1-7146,https://m.media-amazon.com/images/I/81aUsp869qL._AC_UL320_.jpg,"1,804",,,"EGP 1,899.00",Save 5%,Only 4 left in stock - order soon.,,,4.7 out of 5 stars
Boys SSS M100-5 T-Shirt,Skills,/-/en/Skills-Round-Neck-Sleeveless-Undershirt-White-6Years/dp/B0B25SSGTZ/ref=sr_1_7147?m=A1ZVRGNO5AYLOV&qid=1668811914&refinements=p_6%3AA1ZVRGNO5AYLOV&s=fashion&sr=1-7147,https://m.media-amazon.com/images/I/31R6KIZdL4L._AC_UL320_.jpg,42,,,,,,,,0.0 out of 5 stars
Men's Go Walk Air Airflow Trainers,Skechers,/-/en/Skechers-Mens-Airflow-Trainers-Orange/dp/B07VDFNY3J/ref=sr_1_7148?m=A1ZVRGNO5AYLOV&qid=1668811914&refinements=p_6%3AA1ZVRGNO5AYLOV&s=fashion&sr=1-7148,https://m.media-amazon.com/images/I/715gTJCzIPL._AC_UL320_.jpg,"3,069",,,,,,,,4.6 out of 5 stars
"Coreracer Mesh Side-Stripe Back-Logo Lace-Up Running Sneakers for Men - Core, 41 1/3 EU",adidas,/-/en/Adidas-CORERACER-FX3593-RUNNING-black/dp/B08BG5NCPQ/ref=sr_1_7149?m=A1ZVRGNO5AYLOV&qid=1668811914&refinements=p_6%3AA1ZVRGNO5AYLOV&s=fashion&sr=1-7149,https://m.media-amazon.com/images/I/81vGNPXW0fL._AC_UL320_.jpg,"1,209",,,"EGP 1,629.00",,,,,4.6 out of 5 stars
mens 106 Belt,Marf,/-/en/Marf-natural-leather-Belt-Width/dp/B09WDYYSV7/ref=sr_1_7150?m=A1ZVRGNO5AYLOV&qid=1668811914&refinements=p_6%3AA1ZVRGNO5AYLOV&s=fashion&sr=1-7150,https://m.media-amazon.com/images/I/51BS0-GuV+L._AC_UL320_.jpg,129,,,EGP 150.00,,,,,1.3 out of 5 stars
"Mix and Max Faux Leather Contrast Stitching Low-Top Lace-Up Shoes for Boys - Blue and Red, 12 - 18 Months",Mix & Max,/-/en/Mix-Max-Leather-Contrast-Stitching/dp/B08BCSFTFJ/ref=sr_1_7151?m=A1ZVRGNO5AYLOV&qid=1668811914&refinements=p_6%3AA1ZVRGNO5AYLOV&s=fashion&sr=1-7151,https://m.media-amazon.com/images/I/71RnD6nnKgL._AC_UL320_.jpg,175,,,,,,,,0.0 out of 5 stars
womens Self Patterned Open Neckline Long Cardigan Self Patterned Open Neckline Long Cardigan,Jamila,/-/en/Jamila-Patterned-Neckline-Cardigan-marron/dp/B09S3XW8MB/ref=sr_1_7152?m=A1ZVRGNO5AYLOV&qid=1668811914&refinements=p_6%3AA1ZVRGNO5AYLOV&s=fashion&sr=1-7152,https://m.media-amazon.com/images/I/61uZywCidwL._AC_UL320_.jpg,169,,,EGP 249.00,,,,,3.5 out of 5 stars
Ribbed Elastic-Waistband Patterned High-Rise Under Shorts for Women,Cottonil,/-/en/Cottonil-Ribbed-Elastic-Waistband-Patterned-High-Rise/dp/B096L8YXCX/ref=sr_1_7153?m=A1ZVRGNO5AYLOV&qid=1668811924&refinements=p_6%3AA1ZVRGNO5AYLOV&s=fashion&sr=1-7153,https://m.media-amazon.com/images/I/616RKx+WDTS._AC_UL320_.jpg,94,,,,,,,,3.4 out of 5 stars
mens H28926 Work Utility Outerwear,adidas,/-/en/Adidas-SERENO-H28926-FOOTBALL-SOCCER/dp/B09J23ZRRS/ref=sr_1_7154?m=A1ZVRGNO5AYLOV&qid=1668811924&refinements=p_6%3AA1ZVRGNO5AYLOV&s=fashion&sr=1-7154,https://m.media-amazon.com/images/I/61fl6t9TvZL._AC_UL320_.jpg,749,,,,,,,,5.0 out of 5 stars
Mix&Max Crochet Ballerina Shoes Shape bow for,Mix & Max,/-/en/Mix-Max-Crochet-Ballerina-Girls-Fushcia-12-18Month/dp/B09XRTV858/ref=sr_1_7155?m=A1ZVRGNO5AYLOV&qid=1668811924&refinements=p_6%3AA1ZVRGNO5AYLOV&s=fashion&sr=1-7155,https://m.media-amazon.com/images/I/71B57Xgn-OL._AC_UL320_.jpg,189,,,EGP 200.00,,,,,5.0 out of 5 stars
boys WIN23-2020 Sweatshirt,Montero,/-/en/Montero-Sleeves-Sweatshirt-Printed-Boys-Green-3Years/dp/B0BHF2TV6Z/ref=sr_1_7156?m=A1ZVRGNO5AYLOV&qid=1668811924&refinements=p_6%3AA1ZVRGNO5AYLOV&s=fashion&sr=1-7156,https://m.media-amazon.com/images/I/41lR+f5feKL._AC_UL320_.jpg,209,,,,,,,,0.0 out of 5 stars
Women's LTP-V004D-1B Stainless Steel Analog Watch,Casio,/-/en/Casio-Womens-LTP-V004D-1B-Stainless-Analog/dp/B07D3BLZYK/ref=sr_1_7157?m=A1ZVRGNO5AYLOV&qid=1668811924&refinements=p_6%3AA1ZVRGNO5AYLOV&s=fashion&sr=1-7157,https://m.media-amazon.com/images/I/31RtEyVaHlL._AC_UL320_.jpg,875,,,,,,,,4.0 out of 5 stars
Women Slip On Shoes - BEIGE - 39EU,Grinta,/-/en/Grinta-Women-Slip-Shoes-BEIGE/dp/B09RV7WQ5S/ref=sr_1_7158?m=A1ZVRGNO5AYLOV&qid=1668811924&refinements=p_6%3AA1ZVRGNO5AYLOV&s=fashion&sr=1-7158,https://m.media-amazon.com/images/I/51xZaeDA6gL._AC_UL320_.jpg,139,,Get 20% off,,,,,,0.0 out of 5 stars
Rubber,B&W,/-/en/Rubber-Multicolor-Flops-BW2-43-44/dp/B09VZK3RT2/ref=sr_1_7159?m=A1ZVRGNO5AYLOV&qid=1668811924&refinements=p_6%3AA1ZVRGNO5AYLOV&s=fashion&sr=1-7159,https://m.media-amazon.com/images/I/81xwS5smqxL._AC_UL320_.jpg,89,,,,,,,,0.0 out of 5 stars
Dejavu,Dejavu,/-/en/Dejavu-Decorative-Studs-Fashion-Sneakers/dp/B09Y3TGNFY/ref=sr_1_7160?m=A1ZVRGNO5AYLOV&qid=1668811924&refinements=p_6%3AA1ZVRGNO5AYLOV&s=fashion&sr=1-7160,https://m.media-amazon.com/images/I/51LxDw7mGSL._AC_UL320_.jpg,369,,,EGP 399.00,,,,,4.0 out of 5 stars
"Cool Plain Sleeveless Scoop Neck Cotton Undershirt for Men - Blue, L",Cool,/-/en/Cool-Plain-Sleeveless-Cotton-Undershirt/dp/B08BCTHT6D/ref=sr_1_7161?m=A1ZVRGNO5AYLOV&qid=1668811924&refinements=p_6%3AA1ZVRGNO5AYLOV&s=fashion&sr=1-7161,https://m.media-amazon.com/images/I/915aQqJWf-L._AC_UL320_.jpg,56,,,EGP 60.00,,,,,0.0 out of 5 stars
Girls Sklls shrt rnd nck grls Shirt,Skills,/-/en/Skills-Plain-Sleeveless-Round-T-shirt/dp/B092LGTYHB/ref=sr_1_7162?m=A1ZVRGNO5AYLOV&qid=1668811924&refinements=p_6%3AA1ZVRGNO5AYLOV&s=fashion&sr=1-7162,https://m.media-amazon.com/images/I/41SmSWzpqlL._AC_UL320_.jpg,19,,,EGP 25.00,,,,,4.6 out of 5 stars
fashion watch MK5606 for men,Michael Kors,/-/en/Michael-Kors-fashion-watch-MK5606/dp/B006IWE582/ref=sr_1_7163?m=A1ZVRGNO5AYLOV&qid=1668811924&refinements=p_6%3AA1ZVRGNO5AYLOV&s=fashion&sr=1-7163,https://m.media-amazon.com/images/I/71PGhSZFjBL._AC_UL320_.jpg,"2,901",,50% off promotion available,"EGP 3,141.94",,,,,0.0 out of 5 stars
womens 6701b Anorak,CAESAR,/-/en/CAESAR-Gabrdine-Jacket-Foushia-woman/dp/B09TPZYVJQ/ref=sr_1_7164?m=A1ZVRGNO5AYLOV&qid=1668811924&refinements=p_6%3AA1ZVRGNO5AYLOV&s=fashion&sr=1-7164,https://m.media-amazon.com/images/I/61+FJAislXL._AC_UL320_.jpg,259,,,EGP 264.00,Limited time deal,,,,4.6 out of 5 stars
Grinta,Grinta,/-/en/Grinta-Men-Fashion-Sneakers-Black/dp/B0B2MTRMPD/ref=sr_1_7165?m=A1ZVRGNO5AYLOV&qid=1668811924&refinements=p_6%3AA1ZVRGNO5AYLOV&s=fashion&sr=1-7165,https://m.media-amazon.com/images/I/51uLEU5yh4L._AC_UL320_.jpg,229,,,EGP 285.00,,,,,1.0 out of 5 stars
"Lumex Round-Neck Chipmunk-Print Clothing Set for Boys - 2 Pieces, Yellow and Red, 4 Years",Lumex,/-/en/Lumex-Round-Neck-Chipmunk-Print-Clothing-Boys/dp/B08BCTPFKK/ref=sr_1_7166?m=A1ZVRGNO5AYLOV&qid=1668811924&refinements=p_6%3AA1ZVRGNO5AYLOV&s=fashion&sr=1-7166,https://m.media-amazon.com/images/I/61HNB1HYLlL._AC_UL320_.jpg,144,,,,,Only 1 left in stock - order soon.,,,4.0 out of 5 stars
Baby-Boys Milton Pijama set printed panda&glasses for boys Pajama Set (pack of 2),Jockey,/-/en/Jockey-Milton-Pijama-printed-glasses/dp/B09H63VS6S/ref=sr_1_7167?m=A1ZVRGNO5AYLOV&qid=1668811924&refinements=p_6%3AA1ZVRGNO5AYLOV&s=fashion&sr=1-7167,https://m.media-amazon.com/images/I/91qG4RtUPbL._AC_UL320_.jpg,249,,,,,,,,4.0 out of 5 stars
Tan Studded tote bag PU leather shoulder bag embellished with studs from the front.,Dejavu,/-/en/Dejavu-Studded-leather-shoulder-embellished/dp/B09NMDWDWV/ref=sr_1_7168?m=A1ZVRGNO5AYLOV&qid=1668811924&refinements=p_6%3AA1ZVRGNO5AYLOV&s=fashion&sr=1-7168,https://m.media-amazon.com/images/I/81XGH2yJ4pL._AC_UL320_.jpg,729,,,,Limited time deal,,,,0.0 out of 5 stars
Bi-tone Magnetic Closure Handbag - Black & Beige-BLACK,Dejavu,/-/en/Dejavu-Bi-tone-Magnetic-Closure-Handbag-Beige-BLACK/dp/B0B2WRLT7N/ref=sr_1_7169?m=A1ZVRGNO5AYLOV&qid=1668811924&refinements=p_6%3AA1ZVRGNO5AYLOV&s=fashion&sr=1-7169,https://m.media-amazon.com/images/I/51jwF9tsT0L._AC_UL320_.jpg,699,,,,,,,,0.0 out of 5 stars
Men Fashion Sneaker,Grinta,/-/en/Grinta-Men-Fashion-Sneaker-WHITE/dp/B09XL1H8PG/ref=sr_1_7170?m=A1ZVRGNO5AYLOV&qid=1668811924&refinements=p_6%3AA1ZVRGNO5AYLOV&s=fashion&sr=1-7170,https://m.media-amazon.com/images/I/41mHpreGg9L._AC_UL320_.jpg,359,,,EGP 449.00,,,,,0.0 out of 5 stars
"mens Ravin 96228 Printed ""Limited"" Cotton Regular Fit Sweatshirt Sweatshirt",Ravin,/-/en/Ravin-Printed-Limited-Sweatshirt-Multicolour/dp/B09QCRYT2C/ref=sr_1_7171?m=A1ZVRGNO5AYLOV&qid=1668811924&refinements=p_6%3AA1ZVRGNO5AYLOV&s=fashion&sr=1-7171,https://m.media-amazon.com/images/I/71Gp+ZDYKeL._AC_UL320_.jpg,549,,,,,,,,0.0 out of 5 stars
Women Striped Front Pockets Cotton Cardigan Cardigan Sweater,Andora,/-/en/Andora-Striped-Pockets-Sleeves-Cardigan/dp/B09FPZNC1R/ref=sr_1_7172?m=A1ZVRGNO5AYLOV&qid=1668811924&refinements=p_6%3AA1ZVRGNO5AYLOV&s=fashion&sr=1-7172,https://m.media-amazon.com/images/I/61X1xffUFtL._AC_UL320_.jpg,199,,,,,,,,0.0 out of 5 stars
unisex-adult RUN LOW SOCK Socks,adidas,/-/en/Adidas-HA0103-RUNNING-white-Unisex/dp/B09NBWYCX8/ref=sr_1_7173?m=A1ZVRGNO5AYLOV&qid=1668811924&refinements=p_6%3AA1ZVRGNO5AYLOV&s=fashion&sr=1-7173,https://m.media-amazon.com/images/I/71pElha06RL._AC_UL320_.jpg,198,,,EGP 337.69,TOP DEAL,,,,0.0 out of 5 stars
"PARTY Hair Bands for Birthday Parties, 6.5 Inch, 299/6 Multi Color Set of 6",Party,/-/en/PARTY-Bands-Birthday-Parties-Multi/dp/B08YY24QQ6/ref=sr_1_7174?m=A1ZVRGNO5AYLOV&qid=1668811924&refinements=p_6%3AA1ZVRGNO5AYLOV&s=fashion&sr=1-7174,https://m.media-amazon.com/images/I/61XgyRDzRoL._AC_UL320_.jpg,62,,,,,,,,5.0 out of 5 stars
Chunky Sole Lace-Up Two-Tone Textile Running Shoes For Men,New Balance,/-/en/New-Balance-Lace-Up-Two-Tone-Textile/dp/B08BMYB31Z/ref=sr_1_7175?m=A1ZVRGNO5AYLOV&qid=1668811924&refinements=p_6%3AA1ZVRGNO5AYLOV&s=fashion&sr=1-7175,https://m.media-amazon.com/images/I/81UCq-z+M6S._AC_UL320_.jpg,"2,799",,,,,,,,4.4 out of 5 stars
OX,OX,/-/en/OX-Blue-Loafers-men-size/dp/B0BD8RD8N5/ref=sr_1_7176?m=A1ZVRGNO5AYLOV&qid=1668811924&refinements=p_6%3AA1ZVRGNO5AYLOV&s=fashion&sr=1-7176,https://m.media-amazon.com/images/I/91FmlO7lpEL._AC_UL320_.jpg,299,,,,,,,,2.0 out of 5 stars
Liv Women's White Dial Stainless Steel Band Watch - 1781397,Tommy Hilfiger,/-/en/Tommy-Hilfiger-Womens-White-Stainless/dp/B00ITYRO76/ref=sr_1_7177?m=A1ZVRGNO5AYLOV&qid=1668811924&refinements=p_6%3AA1ZVRGNO5AYLOV&s=fashion&sr=1-7177,https://m.media-amazon.com/images/I/81xQQCbnzML._AC_UL320_.jpg,"2,085",,,"EGP 3,599.00",,Only 2 left in stock - order soon.,,,4.4 out of 5 stars
"Gun Shape Metal Key Chain, 12 cm",Other,/-/en/Gun-Shape-Metal-Key-Chain/dp/B08Z48MLT3/ref=sr_1_7178?m=A1ZVRGNO5AYLOV&qid=1668811924&refinements=p_6%3AA1ZVRGNO5AYLOV&s=fashion&sr=1-7178,https://m.media-amazon.com/images/I/51jf5ZVsigL._AC_UL320_.jpg,56,,,,,,,,0.0 out of 5 stars
Dare Men's Faux Leather Suede Slip On Loafers,Dalydress,/-/en/Dalydress-Dare-Leather-Suede-Loafers/dp/B09VT8MVPX/ref=sr_1_7179?m=A1ZVRGNO5AYLOV&qid=1668811924&refinements=p_6%3AA1ZVRGNO5AYLOV&s=fashion&sr=1-7179,https://m.media-amazon.com/images/I/81nxDy-A7GL._AC_UL320_.jpg,679,,,,,,,,0.0 out of 5 stars
"Men Classic Warwick Silver 40 Mm Dw00100019, Quartz, Analog",Daniel Wellington,/-/en/Daniel-Wellington-Classic-Warwick-Dw00100019/dp/B00BKQT7SY/ref=sr_1_7180?m=A1ZVRGNO5AYLOV&qid=1668811924&refinements=p_6%3AA1ZVRGNO5AYLOV&s=fashion&sr=1-7180,https://m.media-amazon.com/images/I/61oQzROMSkL._AC_UL320_.jpg,"3,085",,50% off promotion available,"EGP 3,450.00",,Only 2 left in stock - order soon.,,,0.0 out of 5 stars
"Cool Plain Elastic Waist Front Logo Cotton Boxer, White, XL",Cool,/-/en/Cool-Plain-Elastic-Waist-Cotton/dp/B08BCTJF9R/ref=sr_1_7181?m=A1ZVRGNO5AYLOV&qid=1668811924&refinements=p_6%3AA1ZVRGNO5AYLOV&s=fashion&sr=1-7181,https://m.media-amazon.com/images/I/31FcpAnFcVL._AC_UL320_.jpg,64,,,EGP 68.00,,,,,4.3 out of 5 stars
"Runner 5.0 Gy4078 Running Shoes - Low (Non Football) For Men, Core Black/Orange/Vector Blue, 44.5 EU",Reebok,/-/en/Reebok-Runner-Gy4078-Running-Shoes/dp/B09N6K8VWR/ref=sr_1_7182?m=A1ZVRGNO5AYLOV&qid=1668811924&refinements=p_6%3AA1ZVRGNO5AYLOV&s=fashion&sr=1-7182,https://m.media-amazon.com/images/I/71eesvNJ2bL._AC_UL320_.jpg,"1,989",,,,,,,,0.0 out of 5 stars
Mens HMU 300 Boxer Shorts (pack of 1),Hobby,/-/en/Hobby-Cotton-Boxer-Short-Men-Black-L/dp/B0BCL2HD4Y/ref=sr_1_7183?m=A1ZVRGNO5AYLOV&qid=1668811924&refinements=p_6%3AA1ZVRGNO5AYLOV&s=fashion&sr=1-7183,https://m.media-amazon.com/images/I/71qqj6CaooL._AC_UL320_.jpg,109,,,,,,,,0.0 out of 5 stars
Regular Analog Blue Dial Men's Watch - VQ84J003Y,Q&Q,/-/en/Regular-Analog-Blue-Dial-Watch/dp/B00O7NEE9O/ref=sr_1_7184?m=A1ZVRGNO5AYLOV&qid=1668811924&refinements=p_6%3AA1ZVRGNO5AYLOV&s=fashion&sr=1-7184,https://m.media-amazon.com/images/I/716BkfglHYL._AC_UL320_.jpg,390,,,,,Only 1 left in stock - order soon.,,,0.0 out of 5 stars
"Womens BOBS SQUAD 3, Color:",Skechers,/-/en/Skechers-Womens-BOBS-SQUAD-Color/dp/B08PHNWD7K/ref=sr_1_7185?m=A1ZVRGNO5AYLOV&qid=1668811924&refinements=p_6%3AA1ZVRGNO5AYLOV&s=fashion&sr=1-7185,https://m.media-amazon.com/images/I/71mDL3yYo8S._AC_UL320_.jpg,"1,619",,,"EGP 2,269.00",TOP DEAL,,,,4.3 out of 5 stars
Mens 8114-grey SweatPant,CAESAR,/-/en/Caesar-Detailed-MensCasual-SweatPant-grey/dp/B0B56WNB75/ref=sr_1_7186?m=A1ZVRGNO5AYLOV&qid=1668811924&refinements=p_6%3AA1ZVRGNO5AYLOV&s=fashion&sr=1-7186,https://m.media-amazon.com/images/I/61BANShIdtL._AC_UL320_.jpg,139,,,EGP 199.00,Limited time deal,,,,3.0 out of 5 stars
Chunky Sole Lace-Up Textile Running Shoes For Men,New Balance,/-/en/New-Balance-Lace-Up-Textile-Running/dp/B08WRWSFF8/ref=sr_1_7187?m=A1ZVRGNO5AYLOV&qid=1668811924&refinements=p_6%3AA1ZVRGNO5AYLOV&s=fashion&sr=1-7187,https://m.media-amazon.com/images/I/71aFklb++mL._AC_UL320_.jpg,"1,959",,,,,,,,1.3 out of 5 stars
"Plain Elastic Cuff Cotton Underpants for Women - Black, L",Dahab,/-/en/Dahab-Plain-Elastic-Cotton-Underpants/dp/B08BBZT3KX/ref=sr_1_7188?m=A1ZVRGNO5AYLOV&qid=1668811924&refinements=p_6%3AA1ZVRGNO5AYLOV&s=fashion&sr=1-7188,https://m.media-amazon.com/images/I/41lP4mjmc2L._AC_UL320_.jpg,157,,,,,,,,5.0 out of 5 stars
Grinta,Grinta,/-/en/Grinta-Men-Fashion-Sneaker-HAVAN/dp/B09XKZSDZH/ref=sr_1_7189?m=A1ZVRGNO5AYLOV&qid=1668811924&refinements=p_6%3AA1ZVRGNO5AYLOV&s=fashion&sr=1-7189,https://m.media-amazon.com/images/I/51wXKz6C4FL._AC_UL320_.jpg,359,,,,,,,,4.0 out of 5 stars
"Mens 133 Plain Elastic Waist Front Logo Cotton Boxer Shorts for Men, White, 2XL",Cool,/-/en/Cool-133-Elastic-Cotton-Shorts/dp/B08BCTQ54L/ref=sr_1_7190?m=A1ZVRGNO5AYLOV&qid=1668811924&refinements=p_6%3AA1ZVRGNO5AYLOV&s=fashion&sr=1-7190,https://m.media-amazon.com/images/I/61lqsaqLrJL._AC_UL320_.jpg,79,,,,,,,,3.1 out of 5 stars
mens S20PTCA01 Pants,Dockland,/-/en/Dockland-Pant-Chino-Slim-Black/dp/B09TJLZJDR/ref=sr_1_7191?m=A1ZVRGNO5AYLOV&qid=1668811924&refinements=p_6%3AA1ZVRGNO5AYLOV&s=fashion&sr=1-7191,https://m.media-amazon.com/images/I/51EX4qmwbML._AC_UL320_.jpg,229,,,EGP 318.75,Limited time deal,,,,0.0 out of 5 stars
girls Lumex baby fleece pijama set printed girl power for girls-9/12Month-Fushcia Pajama Set,Lumex,/-/en/Lumex-fleece-printed-girls-9-12Month-Fushcia/dp/B09H62ZSHV/ref=sr_1_7192?m=A1ZVRGNO5AYLOV&qid=1668811924&refinements=p_6%3AA1ZVRGNO5AYLOV&s=fashion&sr=1-7192,https://m.media-amazon.com/images/I/91czdvva1kL._AC_UL320_.jpg,249,,,,,,,,5.0 out of 5 stars
Kids Fashion Sneakers,Grinta,/-/en/Grinta-Kids-Fashion-Sneakers-WHITE/dp/B09VCL53X6/ref=sr_1_7193?m=A1ZVRGNO5AYLOV&qid=1668811924&refinements=p_6%3AA1ZVRGNO5AYLOV&s=fashion&sr=1-7193,https://m.media-amazon.com/images/I/41SdonRFLqL._AC_UL320_.jpg,198,,,,,,,,0.0 out of 5 stars
"97437 Simple Short Sleeves Printed Round Lilac T-shirt, Purple, XL",Ravin,/-/en/Ravin-Simple-Sleeves-Printed-T-shirt/dp/B0B21S2G8V/ref=sr_1_7194?m=A1ZVRGNO5AYLOV&qid=1668811924&refinements=p_6%3AA1ZVRGNO5AYLOV&s=fashion&sr=1-7194,https://m.media-amazon.com/images/I/61mRJj7Z3vL._AC_UL320_.jpg,229,,Get 20% off,,,,,,0.0 out of 5 stars
"Captain America Metal Keychain, 12 cm - Silver",Generic,/-/en/Captain-America-Metal-Keychain-12/dp/B08Z484YDF/ref=sr_1_7195?m=A1ZVRGNO5AYLOV&qid=1668811924&refinements=p_6%3AA1ZVRGNO5AYLOV&s=fashion&sr=1-7195,https://m.media-amazon.com/images/I/61XC4sYFKkL._AC_UL320_.jpg,56,,,,,Only 1 left in stock - order soon.,,,4.0 out of 5 stars
mens W19SWCA01 Sweatshirt,Dockland,/-/en/Dockland-Sweatshirt-Crew-P-Printed-Olive/dp/B09L764SC9/ref=sr_1_7196?m=A1ZVRGNO5AYLOV&qid=1668811924&refinements=p_6%3AA1ZVRGNO5AYLOV&s=fashion&sr=1-7196,https://m.media-amazon.com/images/I/71-4OAPry1L._AC_UL320_.jpg,269,,,,,,,,5.0 out of 5 stars
mens S21M671 Polo Shirt,Ravin,/-/en/Ravin-95636-Three-Buttons-Heather/dp/B09W33KNXZ/ref=sr_1_7197?m=A1ZVRGNO5AYLOV&qid=1668811924&refinements=p_6%3AA1ZVRGNO5AYLOV&s=fashion&sr=1-7197,https://m.media-amazon.com/images/I/51juyvO53tL._AC_UL320_.jpg,190,,,EGP 229.99,,,,,0.0 out of 5 stars
Cotton underwear White printed Paris for girls-14Years,Skills,/-/en/Skills-underwear-printed-Paris-girls-14Years/dp/B09KQTLFDD/ref=sr_1_7198?m=A1ZVRGNO5AYLOV&qid=1668811924&refinements=p_6%3AA1ZVRGNO5AYLOV&s=fashion&sr=1-7198,https://m.media-amazon.com/images/I/91E1P3Il2iL._AC_UL320_.jpg,30,,,,,,,,0.0 out of 5 stars
925 Silver two Circles with Transparent lobes Bracelet - Silver,Asfour Crystal,/-/en/Asfour-Crystal-Circles-Transparent-Bracelet/dp/B09XBL3CZZ/ref=sr_1_7199?m=A1ZVRGNO5AYLOV&qid=1668811924&refinements=p_6%3AA1ZVRGNO5AYLOV&s=fashion&sr=1-7199,https://m.media-amazon.com/images/I/41QHTTHg69L._AC_UL320_.jpg,239,,,EGP 300.00,TOP DEAL,,,,5.0 out of 5 stars
SUMMITS FOR WOMEN IN COLOR,Skechers,/-/en/SKECHERS-SUMMITS-WOMEN-COLOR-TURQUIOSE/dp/B083WJBK94/ref=sr_1_7200?m=A1ZVRGNO5AYLOV&qid=1668811924&refinements=p_6%3AA1ZVRGNO5AYLOV&s=fashion&sr=1-7200,https://m.media-amazon.com/images/I/71rjKysiv9L._AC_UL320_.jpg,"1,759",,,"EGP 2,299.00",TOP DEAL,,,,4.4 out of 5 stars
