Name,Link,Price,OldPrice,BestSeller,Stars
Screen Protector 2.5D Full Glue Full Cover Ceramics Film for Huawei P20 Lite/Nova 3e Tempered film,/-/en/Screen-Protector-Ceramics-Huawei-Tempered/dp/B082DD44V1/ref=sr_1_7969?m=A1ZVRGNO5AYLOV&qid=1652832184&refinements=p_6%3AA1ZVRGNO5AYLOV&s=electronics&sr=1-7969,EGP 17.53,,,
9D Ceramics Screen Protection For Xiaomi Redmi Note 8 Pro & Xiaomi Redmi Note 9 Pro & Xiaomi Redmi 9A,/-/en/Ceramics-Screen-Protection-Xiaomi-Redmi/dp/B09BDFJ3JG/ref=sr_1_7970?m=A1ZVRGNO5AYLOV&qid=1652832184&refinements=p_6%3AA1ZVRGNO5AYLOV&s=electronics&sr=1-7970,EGP 14.74,EGP 18.90,,
king kong Anti-shock Transparent Case Clear For Reno 2 - Clear,/-/en/king-kong-Anti-shock-Transparent-Clear/dp/B09235HY71/ref=sr_1_7971?m=A1ZVRGNO5AYLOV&qid=1652832184&refinements=p_6%3AA1ZVRGNO5AYLOV&s=electronics&sr=1-7971,EGP 76.20,,,
Recci REB-N01 Pioneer Earphone - White,/-/en/Recci-REB-N01-Pioneer-Earphone-White/dp/B07N6LX283/ref=sr_1_7972?m=A1ZVRGNO5AYLOV&qid=1652832184&refinements=p_6%3AA1ZVRGNO5AYLOV&s=electronics&sr=1-7972,EGP 122.50,,,
Clear View Mirrors stand Cover For oppo a93 - Black,/-/en/Clear-View-Mirrors-stand-Cover/dp/B096RMGPPQ/ref=sr_1_7973?m=A1ZVRGNO5AYLOV&qid=1652832184&refinements=p_6%3AA1ZVRGNO5AYLOV&s=electronics&sr=1-7973,EGP 85.97,,,
Front & Back Oppo F5 Screen Protector Gelatin - Transparent,/-/en/Front-Back-Screen-Protector-Gelatin/dp/B08Z7W8L8X/ref=sr_1_7974?m=A1ZVRGNO5AYLOV&qid=1652832184&refinements=p_6%3AA1ZVRGNO5AYLOV&s=electronics&sr=1-7974,EGP 27.50,EGP 30.00,,
YK Design YKB-S1 Wireless Headset Water Proof and Sweat Human Body Engineering Design - White Silver,/-/en/YK-YKB-S1-Wireless-Headset-Engineering/dp/B08WT1PKM7/ref=sr_1_7975?m=A1ZVRGNO5AYLOV&qid=1652832184&refinements=p_6%3AA1ZVRGNO5AYLOV&s=electronics&sr=1-7975,EGP 122.50,,Limited time deal,
Havit SK717 Audio series USB 2.0 speaker black,/-/en/Havit-SK717-Audio-speaker-black/dp/B09N9TKTFR/ref=sr_1_7976?m=A1ZVRGNO5AYLOV&qid=1652832184&refinements=p_6%3AA1ZVRGNO5AYLOV&s=electronics&sr=1-7976,EGP 133.58,,,
2B Dc-01-5 Usb Cable 2 Meter,/-/en/2B-Dc-01-5-Usb-Cable-Meter/dp/B0968XBCFG/ref=sr_1_7977?m=A1ZVRGNO5AYLOV&qid=1652832184&refinements=p_6%3AA1ZVRGNO5AYLOV&s=electronics&sr=1-7977,EGP 53.00,,,
Clear View Standing mirror With Out Sensor Not Smart For Samsung M30s - Black,/-/en/Clear-Standing-mirror-Sensor-Samsung/dp/B092DYLRBX/ref=sr_1_7978?m=A1ZVRGNO5AYLOV&qid=1652832184&refinements=p_6%3AA1ZVRGNO5AYLOV&s=electronics&sr=1-7978,EGP 64.00,EGP 66.00,,
Flexible Tempered Glass Screen Protector Screen Guard For Oppo F5 - Clear,/-/en/Flexible-Tempered-Glass-Screen-Protector/dp/B08Z6TSDMD/ref=sr_1_7979?m=A1ZVRGNO5AYLOV&qid=1652832184&refinements=p_6%3AA1ZVRGNO5AYLOV&s=electronics&sr=1-7979,EGP 24.19,,,
Tempered Glass Screen Protector 9H Hardness For Huawei MediaPad M5 Lite Tablet (10.1) - Clear,/-/en/Tempered-Screen-Protector-Hardness-MediaPad/dp/B09231XJ9Y/ref=sr_1_7980?m=A1ZVRGNO5AYLOV&qid=1652832184&refinements=p_6%3AA1ZVRGNO5AYLOV&s=electronics&sr=1-7980,EGP 38.50,EGP 42.99,Limited time deal,
Zero Sat Technology High Quality Coaxial Cable Full HD 50 M - Black,/-/en/Zero-Technology-Quality-Coaxial-Cable/dp/B09P5JRG7W/ref=sr_1_7981?m=A1ZVRGNO5AYLOV&qid=1652832184&refinements=p_6%3AA1ZVRGNO5AYLOV&s=electronics&sr=1-7981,EGP 80.99,,,
Clear View Flip Slim Leather Cover For Samsung Galaxy S21 Plus / S21plus - Navy,/-/en/Clear-Leather-Samsung-Galaxy-S21plus/dp/B091J7DSCQ/ref=sr_1_7982?m=A1ZVRGNO5AYLOV&qid=1652832184&refinements=p_6%3AA1ZVRGNO5AYLOV&s=electronics&sr=1-7982,EGP 85.97,,,
For Huawei Nova 7 5G Nano Ceramic Screen Protector Anti Shock and Anti Finger Print Clear 0.42 MM,/-/en/Huawei-Ceramic-Screen-Protector-Finger/dp/B0976FJSZ7/ref=sr_1_7983?m=A1ZVRGNO5AYLOV&qid=1652832184&refinements=p_6%3AA1ZVRGNO5AYLOV&s=electronics&sr=1-7983,EGP 24.00,,,
Lens Camera Screen Protecor Nano Flexable HD For Samsung Galaxy S20 Ultra - Clear,/-/en/Camera-Screen-Protecor-Flexable-Samsung/dp/B096D375WN/ref=sr_1_7984?m=A1ZVRGNO5AYLOV&qid=1652832184&refinements=p_6%3AA1ZVRGNO5AYLOV&s=electronics&sr=1-7984,EGP 16.50,EGP 18.43,Limited time deal,
Mobile Screen 9D Ceramic Matte screen protector For Realme 6i - Black,/-/en/Mobile-Screen-Ceramic-screen-protector/dp/B08X65T37P/ref=sr_1_7985?m=A1ZVRGNO5AYLOV&qid=1652832184&refinements=p_6%3AA1ZVRGNO5AYLOV&s=electronics&sr=1-7985,EGP 32.00,,,
"Keendex KX 2448 HDMI Mirroring Cable Display 1080P Compatible with iPhone and Android with Convertable Socket, 3 Meters - White",/-/en/Keendex-KX-2448-Compatible-Convertable/dp/B09RWZ91VS/ref=sr_1_7986?m=A1ZVRGNO5AYLOV&qid=1652832184&refinements=p_6%3AA1ZVRGNO5AYLOV&s=electronics&sr=1-7986,EGP 456.00,,,
Fashion Case Glitter 3 IN 1 Back Cover Hard Slim Case For Protection For iPhone 7 - Multi Color,/-/en/Fashion-Case-Glitter-Protection-iPhone/dp/B096XVHXP9/ref=sr_1_7987?m=A1ZVRGNO5AYLOV&qid=1652832184&refinements=p_6%3AA1ZVRGNO5AYLOV&s=electronics&sr=1-7987,EGP 19.00,,,
Glass screen protector for For Samsung galaxy m31,/-/en/Glass-screen-protector-Samsung-galaxy/dp/B092F3DG17/ref=sr_1_7988?m=A1ZVRGNO5AYLOV&qid=1652832184&refinements=p_6%3AA1ZVRGNO5AYLOV&s=electronics&sr=1-7988,EGP 24.00,,,
Boter I Love You To The Moon and Back Printed 3D Slim Back Cover for Huawei Y7P 2020 - Multi Color,/-/en/Boter-Love-Printed-Cover-Huawei/dp/B096L7YB54/ref=sr_1_7989?m=A1ZVRGNO5AYLOV&qid=1652832184&refinements=p_6%3AA1ZVRGNO5AYLOV&s=electronics&sr=1-7989,EGP 19.00,,,
Rich Boss Flip Leather Cover 360 Degree Protection For Xiaomi Mi 9T - Brown,/-/en/Rich-Boss-Leather-Degree-Protection/dp/B08WJL28QK/ref=sr_1_7990?m=A1ZVRGNO5AYLOV&qid=1652832184&refinements=p_6%3AA1ZVRGNO5AYLOV&s=electronics&sr=1-7990,EGP 19.00,,,
Prodigee Safetee Back Cover For iPhone XR - White,/-/en/Prodigee-Safetee-Back-Cover-iPhone/dp/B07HBDPDMD/ref=sr_1_7991?m=A1ZVRGNO5AYLOV&qid=1652832184&refinements=p_6%3AA1ZVRGNO5AYLOV&s=electronics&sr=1-7991,EGP 689.98,,,
"Gelatin Screen for Samsung Galaxy A50 Front and back Flexible Screen Protector with full protection, Clear",/-/en/Gelatin-Samsung-Flexible-Protector-protection/dp/B08X6Q5CCJ/ref=sr_1_7992?m=A1ZVRGNO5AYLOV&qid=1652832184&refinements=p_6%3AA1ZVRGNO5AYLOV&s=electronics&sr=1-7992,EGP 40.00,,,
"Case Logic 13.3 inches Bryker Laptop Attache - Black, BRYA113K",/-/en/Case-Logic-inches-Bryker-Attache/dp/B01EHG32ZC/ref=sr_1_7249?m=A1ZVRGNO5AYLOV&qid=1652833148&refinements=p_6%3AA1ZVRGNO5AYLOV&s=electronics&sr=1-7249,"EGP 1,192.95",,,
Hard Back Cover With Metal Holder For Samsung Galaxy M30 & Samsung Galaxy A40s - Navy,/-/en/Cover-Metal-Holder-Samsung-Galaxy/dp/B08X6R6ZW2/ref=sr_1_7250?m=A1ZVRGNO5AYLOV&qid=1652833148&refinements=p_6%3AA1ZVRGNO5AYLOV&s=electronics&sr=1-7250,EGP 72.00,,,
Tembered Glass Screen Protector For Huawei Y5 2018 5D - Black,/-/en/Tembered-Glass-Screen-Protector-Huawei/dp/B091NX3YP7/ref=sr_1_7251?m=A1ZVRGNO5AYLOV&qid=1652833148&refinements=p_6%3AA1ZVRGNO5AYLOV&s=electronics&sr=1-7251,EGP 23.56,,,
"Back cover For TPU Auto Focus Foroppo A52, Black",/-/en/cover-Focus-Foroppo-A52-Black/dp/B08YXYRC66/ref=sr_1_7252?m=A1ZVRGNO5AYLOV&qid=1652833148&refinements=p_6%3AA1ZVRGNO5AYLOV&s=electronics&sr=1-7252,EGP 20.43,,,
Goldenking G08 Wired Dynamic Modern Mini Speakers Set Of 2 Pieces With Flexible Sound With Distinct Tone Levels - Black,/-/en/Goldenking-Dynamic-Speakers-Flexible-Distinct/dp/B09JS1DVVD/ref=sr_1_7253?m=A1ZVRGNO5AYLOV&qid=1652833148&refinements=p_6%3AA1ZVRGNO5AYLOV&s=electronics&sr=1-7253,EGP 68.80,,,
"21D Ceramic Nano Gelatin Matte Tempered Screen Protector, Anti Fingerprint, Full Glue, 10H Hardness, Easy Installation Scratch Resistant for Samsung Note 10 Lite - Black",/-/en/Tempered-Protector-Fingerprint-Installation-Resistant/dp/B08X5Y7761/ref=sr_1_7254?m=A1ZVRGNO5AYLOV&qid=1652833148&refinements=p_6%3AA1ZVRGNO5AYLOV&s=electronics&sr=1-7254,EGP 14.00,,,
Baseus Zinc Magnetic Safe Fast Charging Data Cable USB to Type-C 3A 1m,/-/en/Baseus-Magnetic-Charging-Cable-Type-C/dp/B01LYIY2YU/ref=sr_1_7255?m=A1ZVRGNO5AYLOV&qid=1652833148&refinements=p_6%3AA1ZVRGNO5AYLOV&s=electronics&sr=1-7255,EGP 101.00,,,
D-link N300 Wifi Range Extender DAP-1325,/-/en/D-link-N300-Range-Extender-DAP-1325/dp/B089B2HRWW/ref=sr_1_7256?m=A1ZVRGNO5AYLOV&qid=1652833148&refinements=p_6%3AA1ZVRGNO5AYLOV&s=electronics&sr=1-7256,EGP 372.78,,,
Targus USB 2.0 4-Port hub -ACH114EU,/-/en/Targus-USB-2-0-4-Port-ACH114EU/dp/B0046TOQ8S/ref=sr_1_7257?m=A1ZVRGNO5AYLOV&qid=1652833148&refinements=p_6%3AA1ZVRGNO5AYLOV&s=electronics&sr=1-7257,EGP 294.39,,,
Spigen ACS00233 Slim Armor Back Cover for Samsung Galaxy Note 10 Mobile Phone - Black,/-/en/Spigen-ACS00233-Samsung-Galaxy-Mobile/dp/B07W8VVK3V/ref=sr_1_7258?m=A1ZVRGNO5AYLOV&qid=1652833148&refinements=p_6%3AA1ZVRGNO5AYLOV&s=electronics&sr=1-7258,EGP 299.85,,,
Nano Ceramic Anti FingerPrint Soft Screen Protector For Xiaomi Mi 9T - Black,/-/en/Ceramic-FingerPrint-Screen-Protector-Xiaomi/dp/B08X64T8HY/ref=sr_1_7259?m=A1ZVRGNO5AYLOV&qid=1652833148&refinements=p_6%3AA1ZVRGNO5AYLOV&s=electronics&sr=1-7259,EGP 25.00,,,
Joyroom S-1021X1 Magnetic Charging Cable lightning - Red,/-/en/Joyroom-S-1021X1-Magnetic-Charging-lightning/dp/B095PZXWXC/ref=sr_1_7260?m=A1ZVRGNO5AYLOV&qid=1652833148&refinements=p_6%3AA1ZVRGNO5AYLOV&s=electronics&sr=1-7260,EGP 53.99,,,
Kingston FURY Beast RGB 32GB 3200MHz DDR4 CL16 Desktop Memory Single Stick KF432C16BBA/32,/-/en/Kingston-FURY-3200MHz-KF432C16BBA-32/dp/B097HPXJCB/ref=sr_1_7261?m=A1ZVRGNO5AYLOV&qid=1652833148&refinements=p_6%3AA1ZVRGNO5AYLOV&s=electronics&sr=1-7261,"EGP 3,500.00",,,4.7 out of 5 stars
"Nano Optics Curved Full Glass Screen Protector for Samsung Galaxy S9 Plus, Clear",/-/en/Nano-Optics-Curved-Protector-Samsung/dp/B08Y8YVLPL/ref=sr_1_7262?m=A1ZVRGNO5AYLOV&qid=1652833148&refinements=p_6%3AA1ZVRGNO5AYLOV&s=electronics&sr=1-7262,EGP 102.30,,,
For Samsung a10S Clear View Standing mirror With Out Sensor Cover - Black,/-/en/Samsung-Clear-Standing-mirror-Sensor/dp/B091Q7ZKHH/ref=sr_1_7263?m=A1ZVRGNO5AYLOV&qid=1652833148&refinements=p_6%3AA1ZVRGNO5AYLOV&s=electronics&sr=1-7263,EGP 54.99,EGP 62.30,,
Nillkin Qin Series Leather Flip case card slot cover for Huawei Mate 30 Black,/-/en/Nillkin-Leather-cover-Huawei-Black/dp/B098W3BVNT/ref=sr_1_7264?m=A1ZVRGNO5AYLOV&qid=1652833148&refinements=p_6%3AA1ZVRGNO5AYLOV&s=electronics&sr=1-7264,EGP 187.51,,,
18D Glass Screen Protector For Xiaomi Poco M3 - Clear,/-/en/Glass-Screen-Protector-Xiaomi-Poco/dp/B098V13FCR/ref=sr_1_7265?m=A1ZVRGNO5AYLOV&qid=1652833148&refinements=p_6%3AA1ZVRGNO5AYLOV&s=electronics&sr=1-7265,EGP 19.80,EGP 22.11,Limited time deal,
RDX Totu LArge Octopus Flexible Tripod StAnd GorillA Pod Octopus Pod CAmerA Mobile Phone Tripod,/-/en/RDX-Octopus-Flexible-Tripod-GorillA/dp/B08Y9189X6/ref=sr_1_7266?m=A1ZVRGNO5AYLOV&qid=1652833148&refinements=p_6%3AA1ZVRGNO5AYLOV&s=electronics&sr=1-7266,EGP 109.30,,,
Clear View Standing Mirror Cover For Xiaomi Redmi Note 9S / 9 Pro / 9 Pro Max - Black,/-/en/Clear-Standing-Mirror-Cover-Xiaomi/dp/B08X64QD9Q/ref=sr_1_7267?m=A1ZVRGNO5AYLOV&qid=1652833148&refinements=p_6%3AA1ZVRGNO5AYLOV&s=electronics&sr=1-7267,EGP 85.00,,,
Hard Back Cover with Strap for iPhone XS Max - Clear & Dark Green,/-/en/Hard-Back-Cover-Strap-iPhone/dp/B0976FXFDP/ref=sr_1_7268?m=A1ZVRGNO5AYLOV&qid=1652833148&refinements=p_6%3AA1ZVRGNO5AYLOV&s=electronics&sr=1-7268,EGP 33.01,,Limited time deal,
Iron Man Hard Back Cover With Metal Ring And Kickstand For Xiaomi Redmi K20 Pro - Pink,/-/en/Cover-Metal-Kickstand-Xiaomi-Redmi/dp/B08ZXV42GG/ref=sr_1_7269?m=A1ZVRGNO5AYLOV&qid=1652833148&refinements=p_6%3AA1ZVRGNO5AYLOV&s=electronics&sr=1-7269,EGP 19.00,,,
Celebrat G7 Wired Super Bass Earphone With Microphone - Yellow,/-/en/Celebrat-G7-Wired-Earphone-Microphone/dp/B09GT7NC7N/ref=sr_1_7270?m=A1ZVRGNO5AYLOV&qid=1652833148&refinements=p_6%3AA1ZVRGNO5AYLOV&s=electronics&sr=1-7270,EGP 30.80,,,
Screen Nano Gelatin For Xiaomi Redmi Note 8,/-/en/Screen-Nano-Gelatin-Xiaomi-Redmi/dp/B08X6JRSGB/ref=sr_1_7271?m=A1ZVRGNO5AYLOV&qid=1652833148&refinements=p_6%3AA1ZVRGNO5AYLOV&s=electronics&sr=1-7271,EGP 31.25,EGP 40.00,,
LDNIO LC98 Portable Charge And Sync Micro Cable 25CM With Keychain - Grey,/-/en/LDNIO-Portable-Charge-Micro-Keychain/dp/B09C8899SG/ref=sr_1_7272?m=A1ZVRGNO5AYLOV&qid=1652833148&refinements=p_6%3AA1ZVRGNO5AYLOV&s=electronics&sr=1-7272,EGP 27.00,,,
"X-Level Metallic Back Cover For Apple iPhone X, Gold",/-/en/X-Level-Metallic-Cover-Apple-iPhone/dp/B07VKNGKLS/ref=sr_1_7609?m=A1ZVRGNO5AYLOV&qid=1652833153&refinements=p_6%3AA1ZVRGNO5AYLOV&s=electronics&sr=1-7609,EGP 19.00,,,
Proda PD-C01 Adjustable 360 Degree Car Mobile Holder with Auto Lock - Black and Red,/-/en/Proda-PD-C01-Adjustable-Degree-Mobile/dp/B095PXD17S/ref=sr_1_7610?m=A1ZVRGNO5AYLOV&qid=1652833153&refinements=p_6%3AA1ZVRGNO5AYLOV&s=electronics&sr=1-7610,EGP 227.20,,,
Soft Touch Transparent Hard Back Cover With Colored Silicone Edges For Samsung Galaxy A20 - Clear Red,/-/en/Transparent-Colored-Silicone-Samsung-Galaxy/dp/B08X64S31H/ref=sr_1_7611?m=A1ZVRGNO5AYLOV&qid=1652833153&refinements=p_6%3AA1ZVRGNO5AYLOV&s=electronics&sr=1-7611,EGP 19.00,,,
WIWU ZM304 Desktop Mobile Stand For Phone & Tablet - Silver,/-/en/ZM304-Desktop-Mobile-Stand-Tablet/dp/B0834LP3HH/ref=sr_1_7612?m=A1ZVRGNO5AYLOV&qid=1652833153&refinements=p_6%3AA1ZVRGNO5AYLOV&s=electronics&sr=1-7612,EGP 379.07,,,
"Margoun Apple Airpod Protective Silicone Case Cover, Apple Airpods Shock Resistant Protective Silicone Charging Case Cover",/-/en/Margoun-Protective-Silicone-Resistant-Charging/dp/B07PWXTZ58/ref=sr_1_7613?m=A1ZVRGNO5AYLOV&qid=1652833153&refinements=p_6%3AA1ZVRGNO5AYLOV&s=electronics&sr=1-7613,EGP 75.00,,,
LDNIO LS461 Mobile Phone Cables 2.4A Fast Charging Lightning USB Cable 1M - Blue,/-/en/LDNIO-Mobile-Cables-Charging-Lightning/dp/B09C75PTRR/ref=sr_1_7614?m=A1ZVRGNO5AYLOV&qid=1652833153&refinements=p_6%3AA1ZVRGNO5AYLOV&s=electronics&sr=1-7614,EGP 72.96,,,
"AG 9H Glass Screen Protector for Samsung Galaxy A30S - Anti-scratch, anti fingerprint",/-/en/AG-Screen-Protector-Samsung-Galaxy/dp/B08Y975SP1/ref=sr_1_7615?m=A1ZVRGNO5AYLOV&qid=1652833153&refinements=p_6%3AA1ZVRGNO5AYLOV&s=electronics&sr=1-7615,EGP 10.00,,,
Tempered Glass Screen Protector By Ineix For Samsung Galaxy J7 Prime,/-/en/Tempered-Screen-Protector-Ineix-Samsung/dp/B092TS3VZ5/ref=sr_1_7616?m=A1ZVRGNO5AYLOV&qid=1652833153&refinements=p_6%3AA1ZVRGNO5AYLOV&s=electronics&sr=1-7616,EGP 24.00,,,
Dragon Ceramic Anti-Fingerprint Screen Protector for Oppo A52 - Black,/-/en/Dragon-Ceramic-Anti-Fingerprint-Screen-Protector/dp/B08WJMMV3Z/ref=sr_1_7617?m=A1ZVRGNO5AYLOV&qid=1652833153&refinements=p_6%3AA1ZVRGNO5AYLOV&s=electronics&sr=1-7617,EGP 43.20,,,
Cover Iron man with metal ring For Realme X50 pro -Black,/-/en/Cover-Iron-metal-Realme-Black/dp/B08ZXRJC6B/ref=sr_1_7618?m=A1ZVRGNO5AYLOV&qid=1652833153&refinements=p_6%3AA1ZVRGNO5AYLOV&s=electronics&sr=1-7618,EGP 56.00,,,
Baseus Enjoyment Series DVI Male To DVI Male bidirectional Adapter Cable 1m,/-/en/Baseus-Enjoyment-bidirectional-Adapter-Cable/dp/B01M0SXPBE/ref=sr_1_7619?m=A1ZVRGNO5AYLOV&qid=1652833153&refinements=p_6%3AA1ZVRGNO5AYLOV&s=electronics&sr=1-7619,EGP 120.00,,,
"Back Cover for Sony Xperia Z4, Clear",/-/en/Back-Cover-Sony-Xperia-Clear/dp/B091D1FYV6/ref=sr_1_7620?m=A1ZVRGNO5AYLOV&qid=1652833153&refinements=p_6%3AA1ZVRGNO5AYLOV&s=electronics&sr=1-7620,EGP 26.66,,,
9D Screen Protector Glass Edge to Edge full Glue for Oppo F9 / F9 Pro/Realme 2 Pro - Black,/-/en/Screen-Protector-Glass-Edge-Realme/dp/B08X6DB82C/ref=sr_1_7621?m=A1ZVRGNO5AYLOV&qid=1652833153&refinements=p_6%3AA1ZVRGNO5AYLOV&s=electronics&sr=1-7621,EGP 20.63,EGP 24.00,Limited time deal,
Celebrat G6 Wired Headphone In Ear - White,/-/en/Celebrat-G6-Wired-Headphone-Ear/dp/B0965LN6CW/ref=sr_1_7622?m=A1ZVRGNO5AYLOV&qid=1652833153&refinements=p_6%3AA1ZVRGNO5AYLOV&s=electronics&sr=1-7622,EGP 47.00,EGP 53.20,,
Silicon Back Cover Slim Case Net Design For iPhone 12 Pro Max - Green,/-/en/Silicon-Back-Cover-Design-iPhone/dp/B09P5KQY3K/ref=sr_1_7623?m=A1ZVRGNO5AYLOV&qid=1652833153&refinements=p_6%3AA1ZVRGNO5AYLOV&s=electronics&sr=1-7623,EGP 34.36,EGP 39.98,Limited time deal,
Clear View Standing Cover For Samsung Galaxy M31 - Purple,/-/en/Clear-Standing-Cover-Samsung-Galaxy/dp/B08YXYFTV8/ref=sr_1_7624?m=A1ZVRGNO5AYLOV&qid=1652833153&refinements=p_6%3AA1ZVRGNO5AYLOV&s=electronics&sr=1-7624,EGP 85.60,,,
"Recci RCM-P200 Micro Cable, 100 cm - Black",/-/en/Recci-RCM-P200-Micro-Cable-100/dp/B08WJJNFLJ/ref=sr_1_7625?m=A1ZVRGNO5AYLOV&qid=1652833153&refinements=p_6%3AA1ZVRGNO5AYLOV&s=electronics&sr=1-7625,EGP 25.62,,,
High Quality Set of 3 Glass Screen Protectors For Samsung Galaxy Note 9 - Clear Black,/-/en/Quality-Screen-Protectors-Samsung-Galaxy/dp/B09R52JF8L/ref=sr_1_7626?m=A1ZVRGNO5AYLOV&qid=1652833153&refinements=p_6%3AA1ZVRGNO5AYLOV&s=electronics&sr=1-7626,EGP 65.66,,,
"Borofone BU11 Tasteful Micro Cable For Charging and Data Transfer, Double Face USB, 2.4A, 1.2M - Black",/-/en/Borofone-BU11-Tasteful-Charging-Transfer/dp/B08WJNCX7W/ref=sr_1_7627?m=A1ZVRGNO5AYLOV&qid=1652833153&refinements=p_6%3AA1ZVRGNO5AYLOV&s=electronics&sr=1-7627,EGP 35.20,,,
"Huawei Honor 20 Pro, Screen Protector (2 packs) Scratch Resistant Anti-Fingerprint Ultra Clear Tempered Glass, Janmitta",/-/en/Protector-Resistant-Anti-Fingerprint-Tempered-Janmitta/dp/B0979P6B9H/ref=sr_1_7628?m=A1ZVRGNO5AYLOV&qid=1652833153&refinements=p_6%3AA1ZVRGNO5AYLOV&s=electronics&sr=1-7628,EGP 44.80,,,
For Samsung Galaxy A50 - A70 Ceramic Clear Antishock Camera screen protector 0.23mm,/-/en/Samsung-Galaxy-A50-Antishock-protector/dp/B096L7MWBX/ref=sr_1_7629?m=A1ZVRGNO5AYLOV&qid=1652833153&refinements=p_6%3AA1ZVRGNO5AYLOV&s=electronics&sr=1-7629,EGP 24.00,,,
Boter 3D Printed Hard Back Cover With Silicone Edges For Samsung Galaxy A51 - Multi Color,/-/en/Boter-Printed-Silicone-Samsung-Galaxy/dp/B091NYJYR1/ref=sr_1_7630?m=A1ZVRGNO5AYLOV&qid=1652833153&refinements=p_6%3AA1ZVRGNO5AYLOV&s=electronics&sr=1-7630,EGP 68.00,,,
5D Screen Protector For Oppo Reno 3 Pro - Black,/-/en/Screen-Protector-Oppo-Reno-Pro/dp/B08YNP9YDF/ref=sr_1_7631?m=A1ZVRGNO5AYLOV&qid=1652833153&refinements=p_6%3AA1ZVRGNO5AYLOV&s=electronics&sr=1-7631,EGP 24.00,,,
Keendex 1886 RJ45 LAN VSO Adapter - Beige,/-/en/Keendex-1886-RJ45-LAN-Adapter/dp/B096L5BYBC/ref=sr_1_7632?m=A1ZVRGNO5AYLOV&qid=1652833153&refinements=p_6%3AA1ZVRGNO5AYLOV&s=electronics&sr=1-7632,EGP 47.42,,,
Baseus Simple 2in1 Wireless Charger 18W Max For Phones+Pods (Qi),/-/en/Baseus-Simple-Wireless-Charger-Phones/dp/B00AU0QJB4/ref=sr_1_8017?m=A1ZVRGNO5AYLOV&qid=1652833156&refinements=p_6%3AA1ZVRGNO5AYLOV&s=electronics&sr=1-8017,EGP 475.76,,,
for iPhone 11 Pro Max magnetic mobile phone shell all-inclusive for Apple 11 pro max double glass Case magnetic protective cover metal frame red,/-/en/iPhone-magnetic-mobile-all-inclusive-protective/dp/B08Z6NMJ7Y/ref=sr_1_8018?m=A1ZVRGNO5AYLOV&qid=1652833156&refinements=p_6%3AA1ZVRGNO5AYLOV&s=electronics&sr=1-8018,EGP 88.02,,,
Infinix Hot Note X551 Glass Screen Protector,/-/en/Infinix-Note-Glass-Screen-Protector/dp/B091KG7N73/ref=sr_1_8019?m=A1ZVRGNO5AYLOV&qid=1652833156&refinements=p_6%3AA1ZVRGNO5AYLOV&s=electronics&sr=1-8019,EGP 19.20,,,
"Dima Luminous Tempered Glass Screen Protector for Huawei Mate 10 Lite, Clear",/-/en/Dima-Luminous-Tempered-Screen-Protector/dp/B091NZGD3T/ref=sr_1_8020?m=A1ZVRGNO5AYLOV&qid=1652833156&refinements=p_6%3AA1ZVRGNO5AYLOV&s=electronics&sr=1-8020,EGP 24.00,,,
"Ceramics Nano 100D Tempered Glass Screen Protector for Huawei Nova 5T, 6.26 inches - Black",/-/en/Ceramics-Nano-Tempered-Screen-Protector/dp/B0994Q25ML/ref=sr_1_8021?m=A1ZVRGNO5AYLOV&qid=1652833156&refinements=p_6%3AA1ZVRGNO5AYLOV&s=electronics&sr=1-8021,EGP 32.00,,,
Screen Protector 360 Gelatin Front and Back For huawei y9s - Clear,/-/en/Screen-Protector-Gelatin-Front-huawei/dp/B08X6DDD96/ref=sr_1_8022?m=A1ZVRGNO5AYLOV&qid=1652833156&refinements=p_6%3AA1ZVRGNO5AYLOV&s=electronics&sr=1-8022,EGP 19.80,,Limited time deal,
For Xiaomi Mi 10T Lite Tempered Glass screen Protector - Clear By Dl3 Mobilak,/-/en/Xiaomi-Tempered-Glass-screen-Protector/dp/B091J49J91/ref=sr_1_8023?m=A1ZVRGNO5AYLOV&qid=1652833156&refinements=p_6%3AA1ZVRGNO5AYLOV&s=electronics&sr=1-8023,EGP 17.52,EGP 19.20,,
"Back Cover with Stand And Finger Holder for Apple iPhone 5, Rose",/-/en/Cover-Stand-Finger-Holder-iPhone/dp/B096L73GLH/ref=sr_1_8024?m=A1ZVRGNO5AYLOV&qid=1652833156&refinements=p_6%3AA1ZVRGNO5AYLOV&s=electronics&sr=1-8024,EGP 51.45,,,
apple MVFX2FE/a Leather Back Cover For iPhone XS Max - Cornflower,/-/en/apple-MVFX2FE-Leather-Cover-iPhone/dp/B07YPBYL9V/ref=sr_1_8025?m=A1ZVRGNO5AYLOV&qid=1652833156&refinements=p_6%3AA1ZVRGNO5AYLOV&s=electronics&sr=1-8025,"EGP 1,280.45",,,
Xiaomi Mi Note 10 Pro/Mi Note 10 / CC9 Pro case Cover Transparent Silicone Soft TPU - Clear,/-/en/Xiaomi-Note-Cover-Transparent-Silicone/dp/B08YXYMNHZ/ref=sr_1_8026?m=A1ZVRGNO5AYLOV&qid=1652833156&refinements=p_6%3AA1ZVRGNO5AYLOV&s=electronics&sr=1-8026,EGP 24.65,EGP 28.80,,
Tempered Glass Screen Protector By Ineix For Xiaomi Mi 6,/-/en/Tempered-Screen-Protector-Ineix-Xiaomi/dp/B08Z4685WX/ref=sr_1_8027?m=A1ZVRGNO5AYLOV&qid=1652833156&refinements=p_6%3AA1ZVRGNO5AYLOV&s=electronics&sr=1-8027,EGP 19.20,,,
Anti - Shock Back Cover For Oppo F9 . Clear,/-/en/Anti-Shock-Back-Cover-Clear/dp/B08YY13G7M/ref=sr_1_8028?m=A1ZVRGNO5AYLOV&qid=1652833156&refinements=p_6%3AA1ZVRGNO5AYLOV&s=electronics&sr=1-8028,EGP 50.00,,,
Screen glass for Samsung Galaxy M31,/-/en/Screen-glass-Samsung-Galaxy-M31/dp/B092FF7GJD/ref=sr_1_8029?m=A1ZVRGNO5AYLOV&qid=1652833156&refinements=p_6%3AA1ZVRGNO5AYLOV&s=electronics&sr=1-8029,EGP 24.00,,,
iPhone X Screen Protector - iPhone 10 Tempered Glass 3D Full Coverage Film HD Clear Cover Bubble Free Screen Protector for iPhone X/10 (Black),/-/en/iPhone-Screen-Protector-Tempered-Coverage/dp/B08Y8YGDTY/ref=sr_1_8030?m=A1ZVRGNO5AYLOV&qid=1652833156&refinements=p_6%3AA1ZVRGNO5AYLOV&s=electronics&sr=1-8030,EGP 28.80,,,
iPaky Bundle Of 360 Degree Full Protection Front & Back Cover With Plastic Screen Protector For iPhone 7 Plus - Black,/-/en/iPaky-Bundle-Protection-Plastic-Protector/dp/B08WJPQ7P1/ref=sr_1_8031?m=A1ZVRGNO5AYLOV&qid=1652833156&refinements=p_6%3AA1ZVRGNO5AYLOV&s=electronics&sr=1-8031,EGP 64.00,,,
Boter 3D Back Cover Glass Hard Slim Case For iPhone X - Multi Color,/-/en/Boter-Back-Cover-Glass-iPhone/dp/B08X6D87HJ/ref=sr_1_8032?m=A1ZVRGNO5AYLOV&qid=1652833156&refinements=p_6%3AA1ZVRGNO5AYLOV&s=electronics&sr=1-8032,EGP 19.00,,,
"Tempered Glass Camera Lens Protector For Xiaomi Mi CC9, Pack Of 2 - Clear",/-/en/Tempered-Glass-Camera-Protector-Xiaomi/dp/B09CYP383Z/ref=sr_1_8033?m=A1ZVRGNO5AYLOV&qid=1652833156&refinements=p_6%3AA1ZVRGNO5AYLOV&s=electronics&sr=1-8033,EGP 39.95,,,
Ferrari Shockproof Printed Carbon Effect For iPhone 11 Pro - Red,/-/en/Ferrari-Shockproof-Printed-Carbon-Effect/dp/B07XXBM1ZM/ref=sr_1_8034?m=A1ZVRGNO5AYLOV&qid=1652833156&refinements=p_6%3AA1ZVRGNO5AYLOV&s=electronics&sr=1-8034,EGP 160.00,,,
Glass screen protector for xiaomi pocophone f1,/-/en/Glass-screen-protector-xiaomi-pocophone/dp/B093WTF3R9/ref=sr_1_8035?m=A1ZVRGNO5AYLOV&qid=1652833156&refinements=p_6%3AA1ZVRGNO5AYLOV&s=electronics&sr=1-8035,EGP 19.20,,,
For Oppo Reno 4 Clear View Stand Mirro Case Flip Phone Cover Not Smart - Black,/-/en/Clear-Stand-Mirro-Phone-Cover/dp/B08Y8YMBLY/ref=sr_1_8036?m=A1ZVRGNO5AYLOV&qid=1652833156&refinements=p_6%3AA1ZVRGNO5AYLOV&s=electronics&sr=1-8036,EGP 81.26,,,
Boter Mirror Printed Slim 3D Back Cover for iPhone 11 Pro Max - Multi Color,/-/en/Boter-Mirror-Printed-Cover-iPhone/dp/B096L7DP4B/ref=sr_1_8037?m=A1ZVRGNO5AYLOV&qid=1652833156&refinements=p_6%3AA1ZVRGNO5AYLOV&s=electronics&sr=1-8037,EGP 19.00,,,
For Xiaomi Redmi Note 9 Lens Camera Screen Protecor Glass Flexable HD 0.42m With Nano Technology- Clear,/-/en/Xiaomi-Camera-Protecor-Flexable-Technology/dp/B093FW4SP9/ref=sr_1_8038?m=A1ZVRGNO5AYLOV&qid=1652833156&refinements=p_6%3AA1ZVRGNO5AYLOV&s=electronics&sr=1-8038,EGP 10.00,EGP 32.00,,
Hard Back Cover with Strap for iPhone 11 Pro - Clear & Simon,/-/en/Hard-Back-Cover-Strap-iPhone/dp/B0976D2S3R/ref=sr_1_8039?m=A1ZVRGNO5AYLOV&qid=1652833156&refinements=p_6%3AA1ZVRGNO5AYLOV&s=electronics&sr=1-8039,EGP 10.00,,,
JOYROOM D-M218 Wired Power Bank 10000Mah Blade Series 2.1A Digital Power Display - White,/-/en/JOYROOM-D-M218-10000Mah-Digital-Display/dp/B081TLK2GN/ref=sr_1_8040?m=A1ZVRGNO5AYLOV&qid=1652833156&refinements=p_6%3AA1ZVRGNO5AYLOV&s=electronics&sr=1-8040,EGP 260.00,,,
Zyxel GS-108BV3 8-Ports Desktop Gigabit Ethernet Switch,/-/en/GS-108BV3-8-Ports-Desktop-Gigabit-Ethernet/dp/B017N0DTZM/ref=sr_1_8089?m=A1ZVRGNO5AYLOV&qid=1652833158&refinements=p_6%3AA1ZVRGNO5AYLOV&s=electronics&sr=1-8089,EGP 565.00,,,4.7 out of 5 stars
Al Hayah Toyota Printed Anti Sliding Sticker for Mobile - Multi Color,/-/en/Al-Hayah-Printed-Sliding-Sticker/dp/B08WJJH1PR/ref=sr_1_8090?m=A1ZVRGNO5AYLOV&qid=1652833158&refinements=p_6%3AA1ZVRGNO5AYLOV&s=electronics&sr=1-8090,EGP 66.12,,,
Tempered Glass Screen Protector Set Of 5 Pieces For Realme X2 Pro - Clear,/-/en/Tempered-Screen-Protector-Pieces-Realme/dp/B09T4GVJ3P/ref=sr_1_8091?m=A1ZVRGNO5AYLOV&qid=1652833158&refinements=p_6%3AA1ZVRGNO5AYLOV&s=electronics&sr=1-8091,EGP 85.73,,,
"J&D Compatible for 3-Pack Xiaomi Redmi 6 / Xiaomi Redmi 6A Screen Protector, [Not Full Coverage] Premium HD Clear Film Shield Screen Protector for Xiaomi Redmi 6 Crystal Clear Screen Protector",/-/en/Compatible-Protector-Coverage-Premium-Crystal/dp/B07V5L8D78/ref=sr_1_8092?m=A1ZVRGNO5AYLOV&qid=1652833158&refinements=p_6%3AA1ZVRGNO5AYLOV&s=electronics&sr=1-8092,EGP 39.95,,,
Cable Baseus Superior Series Cable USB to iP 2.4A 2m (white),/-/en/Cable-Baseus-Superior-2-4A-white/dp/B01M05HW6G/ref=sr_1_8093?m=A1ZVRGNO5AYLOV&qid=1652833158&refinements=p_6%3AA1ZVRGNO5AYLOV&s=electronics&sr=1-8093,EGP 55.63,,,
Lens Camera Screen Protector Glass Anti Shock For Samsung Galaxy A51 / A31 - Clear,/-/en/Camera-Screen-Protector-Samsung-Galaxy/dp/B091NY3Q21/ref=sr_1_8094?m=A1ZVRGNO5AYLOV&qid=1652833158&refinements=p_6%3AA1ZVRGNO5AYLOV&s=electronics&sr=1-8094,EGP 43.00,EGP 50.03,Limited time deal,
Stainless Steel Strap Bracelet For Xiaomi Mi Band 3 4 - Blue,/-/en/Stainless-Steel-Strap-Bracelet-Xiaomi/dp/B0966T8HVB/ref=sr_1_8095?m=A1ZVRGNO5AYLOV&qid=1652833158&refinements=p_6%3AA1ZVRGNO5AYLOV&s=electronics&sr=1-8095,EGP 205.19,,,
"Hoco M52 amazing Rhyme Wired Earphones with Microphone, 3.5 mm - White",/-/en/Hoco-M52-amazing-Earphones-Microphone/dp/B07Z4S1VDS/ref=sr_1_8096?m=A1ZVRGNO5AYLOV&qid=1652833158&refinements=p_6%3AA1ZVRGNO5AYLOV&s=electronics&sr=1-8096,EGP 81.74,,,
5D Screen Protector For Samsung Galaxy A21s,/-/en/Screen-Protector-Samsung-Galaxy-A21s/dp/B08X66YRPT/ref=sr_1_8097?m=A1ZVRGNO5AYLOV&qid=1652833158&refinements=p_6%3AA1ZVRGNO5AYLOV&s=electronics&sr=1-8097,EGP 22.50,,,
21D Ceramic Matte Screen Protector For Xiaomi Redmi Note 5 Pro - Black,/-/en/Ceramic-Matte-Screen-Protector-Xiaomi/dp/B0922XQNY3/ref=sr_1_8098?m=A1ZVRGNO5AYLOV&qid=1652833158&refinements=p_6%3AA1ZVRGNO5AYLOV&s=electronics&sr=1-8098,EGP 27.38,,,
"Glass Screen Protector 9H for Oppo F7 Youth, Black",/-/en/Glass-Screen-Protector-Youth-Black/dp/B091CX29JY/ref=sr_1_8099?m=A1ZVRGNO5AYLOV&qid=1652833158&refinements=p_6%3AA1ZVRGNO5AYLOV&s=electronics&sr=1-8099,EGP 24.75,EGP 28.80,Limited time deal,
Samsung A31 King Kong Gorilla Back Cover Shockproof & Drop,/-/en/Samsung-King-Gorilla-Cover-Shockproof/dp/B099DD41SD/ref=sr_1_8100?m=A1ZVRGNO5AYLOV&qid=1652833158&refinements=p_6%3AA1ZVRGNO5AYLOV&s=electronics&sr=1-8100,EGP 64.40,,,
Tingwode S3 Wired Music Earphones with Microphone - White,/-/en/Tingwode-S3-Wired-Earphones-Microphone/dp/B091NXHSTP/ref=sr_1_8101?m=A1ZVRGNO5AYLOV&qid=1652833158&refinements=p_6%3AA1ZVRGNO5AYLOV&s=electronics&sr=1-8101,EGP 40.00,,,
"Keendex 1814 B Micro to USB Cable, 10 cm - Blue",/-/en/Keendex-1814-Micro-USB-Cable/dp/B096L6Y5C2/ref=sr_1_8102?m=A1ZVRGNO5AYLOV&qid=1652833158&refinements=p_6%3AA1ZVRGNO5AYLOV&s=electronics&sr=1-8102,EGP 28.00,,Limited time deal,
"SWIDO Screen Protector for Huawei Nova 3 [Pack of 2] Crystal Clear, High Hardness, Protection Against Oil, Dust and Scratches, Glass Film, Screen Protector, Tempered Glass Film",/-/en/Protector-Hardness-Protection-Scratches-Tempered/dp/B07G9GNB69/ref=sr_1_8103?m=A1ZVRGNO5AYLOV&qid=1652833158&refinements=p_6%3AA1ZVRGNO5AYLOV&s=electronics&sr=1-8103,EGP 32.00,,,
Gelatin Screen Protector Back & Front Full Cover 360 For Huawei P30 Lite - Clear,/-/en/Gelatin-Screen-Protector-Front-Huawei/dp/B0923J15M6/ref=sr_1_8104?m=A1ZVRGNO5AYLOV&qid=1652833158&refinements=p_6%3AA1ZVRGNO5AYLOV&s=electronics&sr=1-8104,EGP 40.00,,,
For OPPO Reno 2 Lens camera screen protector Nano Glass Flexible HD Anti shock clear,/-/en/camera-screen-protector-Glass-Flexible/dp/B08XRTTVFH/ref=sr_1_8105?m=A1ZVRGNO5AYLOV&qid=1652833158&refinements=p_6%3AA1ZVRGNO5AYLOV&s=electronics&sr=1-8105,EGP 34.37,EGP 40.00,Limited time deal,
Back Cover For Samsung Galaxy S10 Lite - Clear,/-/en/Back-Cover-Samsung-Galaxy-Lite/dp/B09234BPYM/ref=sr_1_8106?m=A1ZVRGNO5AYLOV&qid=1652833158&refinements=p_6%3AA1ZVRGNO5AYLOV&s=electronics&sr=1-8106,EGP 42.99,,,
Xiaomi Note 9s / Note 9 Pro/Note 9 Pro Max 5D Full Screen Protector Black Frame - By Dl3 Mobailk,/-/en/Xiaomi-Screen-Protector-Black-Frame/dp/B08XS4RYRY/ref=sr_1_8107?m=A1ZVRGNO5AYLOV&qid=1652833158&refinements=p_6%3AA1ZVRGNO5AYLOV&s=electronics&sr=1-8107,EGP 29.07,,,
AG 9H Screen Protector Curved Anti-Blue Matte Glass Anti-scratch For Samsung A70 - Black,/-/en/AG-Protector-Anti-Blue-Anti-scratch-Samsung/dp/B08Y8YYKH9/ref=sr_1_8108?m=A1ZVRGNO5AYLOV&qid=1652833158&refinements=p_6%3AA1ZVRGNO5AYLOV&s=electronics&sr=1-8108,EGP 27.74,EGP 30.40,,
Vidvie CC509V Extraordinary Texture Ignite The Energy 2 Ports Fast Charger With Micro Cable - White,/-/en/Vidvie-CC509V-Extraordinary-Texture-Charger/dp/B093CG589V/ref=sr_1_8109?m=A1ZVRGNO5AYLOV&qid=1652833158&refinements=p_6%3AA1ZVRGNO5AYLOV&s=electronics&sr=1-8109,EGP 50.00,,,
Rapoo V16 Gaming Optical Mouse (Black),/-/en/Rapoo-Gaming-Optical-Mouse-Black/dp/B01MYO7T7N/ref=sr_1_8110?m=A1ZVRGNO5AYLOV&qid=1652833158&refinements=p_6%3AA1ZVRGNO5AYLOV&s=electronics&sr=1-8110,EGP 197.60,EGP 313.15,,
For Samsung Galaxy S10 Lite Full Screen Protector Black Frame - By Dl3 Mobailk,/-/en/Samsung-Galaxy-Screen-Protector-Black/dp/B093FSQ6ZZ/ref=sr_1_8111?m=A1ZVRGNO5AYLOV&qid=1652833158&refinements=p_6%3AA1ZVRGNO5AYLOV&s=electronics&sr=1-8111,EGP 22.00,EGP 35.20,,
"XO NB116 2.4A Fast Charging Micro USB Cable, 1M - Black",/-/en/XO-NB116-Charging-Micro-Cable/dp/B08GCTH3B2/ref=sr_1_8112?m=A1ZVRGNO5AYLOV&qid=1652833158&refinements=p_6%3AA1ZVRGNO5AYLOV&s=electronics&sr=1-8112,EGP 56.01,,,
Clear View Standing mirror With Out Sensor Not Smart For Oppo F9 - Blue,/-/en/Clear-Standing-mirror-Sensor-Smart/dp/B08XS1MP64/ref=sr_1_9577?m=A1ZVRGNO5AYLOV&qid=1652833159&refinements=p_6%3AA1ZVRGNO5AYLOV&s=electronics&sr=1-9577,EGP 55.00,,Limited time deal,
Joyroom JR-PF633 Knight Series Ceramics Glass Screen Protector (HD) For iPhone 12 Pro Max - Clear,/-/en/Joyroom-JR-PF633-Knight-Ceramics-Protector/dp/B095PXK1S6/ref=sr_1_9578?m=A1ZVRGNO5AYLOV&qid=1652833159&refinements=p_6%3AA1ZVRGNO5AYLOV&s=electronics&sr=1-9578,EGP 93.54,,,
Silicon Back Cover With Metal Ring Holder For Samsung Galaxy S20 Plus - Red Clear,/-/en/Silicon-Cover-Holder-Samsung-Galaxy/dp/B096L4R3FT/ref=sr_1_9579?m=A1ZVRGNO5AYLOV&qid=1652833159&refinements=p_6%3AA1ZVRGNO5AYLOV&s=electronics&sr=1-9579,EGP 19.00,,,
Fashion Case Glitter 3 IN 1 Back Cover Hard Slim Case For Protection For Samsung Galaxy J4 Core - Multi Color,/-/en/Fashion-Case-Glitter-Protection-Samsung/dp/B096L6GR39/ref=sr_1_9580?m=A1ZVRGNO5AYLOV&qid=1652833159&refinements=p_6%3AA1ZVRGNO5AYLOV&s=electronics&sr=1-9580,EGP 19.00,,,
FULL SCREEN PROTECTOR FOR iphone 11 - BLaCK,/-/en/FULL-SCREEN-PROTECTOR-iphone-11/dp/B08X6JSM9Z/ref=sr_1_9581?m=A1ZVRGNO5AYLOV&qid=1652833159&refinements=p_6%3AA1ZVRGNO5AYLOV&s=electronics&sr=1-9581,EGP 38.12,EGP 48.00,,
ttec AirBeat Free True Bluetooth Wireless Noise Cancelling Earphones with Microphone - Turquoise,/-/en/ttec-Bluetooth-Cancelling-Earphones-Microphone/dp/B08W9L25CC/ref=sr_1_9582?m=A1ZVRGNO5AYLOV&qid=1652833159&refinements=p_6%3AA1ZVRGNO5AYLOV&s=electronics&sr=1-9582,"EGP 1,213.07",,,
"Hoco C72A - Glorious Single Port Charger, Set With USB-A To Lightning Cable (2.1A - 5V - 1M) Compatible with iPhone - White",/-/en/Hoco-C72A-USB-Lightning-Compatible/dp/B09R4HXT46/ref=sr_1_9583?m=A1ZVRGNO5AYLOV&qid=1652833159&refinements=p_6%3AA1ZVRGNO5AYLOV&s=electronics&sr=1-9583,EGP 58.12,,,
Dragon Anti-Fingerprint Glass Screen Protector for Apple Iphone 8 Plus - Clear,/-/en/Dragon-Anti-Fingerprint-Screen-Protector-Iphone/dp/B08X68PLTP/ref=sr_1_9584?m=A1ZVRGNO5AYLOV&qid=1652833159&refinements=p_6%3AA1ZVRGNO5AYLOV&s=electronics&sr=1-9584,EGP 24.75,EGP 28.80,Limited time deal,
Back Screen Protector Gelatin Clear For OPPO A53-2725608903253,/-/en/Screen-Protector-Gelatin-Clear-A53-2725608903253/dp/B09BDN2DFB/ref=sr_1_9585?m=A1ZVRGNO5AYLOV&qid=1652833159&refinements=p_6%3AA1ZVRGNO5AYLOV&s=electronics&sr=1-9585,EGP 24.00,,,
For Xiaomi Redmi Note 8 Pro Clear View Standing mirror With Out Sensor Cover - Puple,/-/en/Xiaomi-Redmi-Standing-mirror-Sensor/dp/B08Y8XL52V/ref=sr_1_9586?m=A1ZVRGNO5AYLOV&qid=1652833159&refinements=p_6%3AA1ZVRGNO5AYLOV&s=electronics&sr=1-9586,EGP 58.39,,,
Rock Back Cover For Samsung Galaxy S9 - Clear Red,/-/en/Rock-Back-Cover-Samsung-Galaxy/dp/B07CCZNZ3Z/ref=sr_1_9587?m=A1ZVRGNO5AYLOV&qid=1652833159&refinements=p_6%3AA1ZVRGNO5AYLOV&s=electronics&sr=1-9587,EGP 19.00,,,
Samsung Galaxy M21 / M21S 5D Full Screen Protector Black Frame - By Dl3 Mobilak,/-/en/Samsung-Galaxy-Screen-Protector-Black/dp/B0922YG5FD/ref=sr_1_9588?m=A1ZVRGNO5AYLOV&qid=1652833159&refinements=p_6%3AA1ZVRGNO5AYLOV&s=electronics&sr=1-9588,EGP 22.50,EGP 28.80,,
"14-inchMacBookPro:AppleM1Prochipwith10‑coreCPUand16‑coreGPU,16GB,1TBSSD-SpaceGrey",/-/en/Apple-14-inchMacBookPro-AppleM1Prochipwith10%E2%80%91coreCPUand16%E2%80%91coreGPU-16GB-1TBSSD-SpaceGrey/dp/B09JRSGQ91/ref=sr_1_9589?m=A1ZVRGNO5AYLOV&qid=1652833159&refinements=p_6%3AA1ZVRGNO5AYLOV&s=electronics&sr=1-9589,"EGP 77,824.00",,,
Borofone BU3 Blinkjet Type C USB Cable - Black,/-/en/Borofone-BU3-Blinkjet-Type-Cable/dp/B08WJJKHR7/ref=sr_1_9590?m=A1ZVRGNO5AYLOV&qid=1652833159&refinements=p_6%3AA1ZVRGNO5AYLOV&s=electronics&sr=1-9590,EGP 72.00,,,
Godox SK300 Professionale Studio Strobe Serie SK 220V-Potenza-5600-K-Max-300WS-GN58-flash,/-/en/Godox-Professionale-Studio-Strobe-220V-Potenza-5600-K-Max-300WS-GN58-flash/dp/B076WXSS9T/ref=sr_1_9591?m=A1ZVRGNO5AYLOV&qid=1652833159&refinements=p_6%3AA1ZVRGNO5AYLOV&s=electronics&sr=1-9591,"EGP 1,775.45",,,
5D Glass Screen Protector For Honor play,/-/en/Glass-Screen-Protector-Honor-play/dp/B081TTXM7K/ref=sr_1_9592?m=A1ZVRGNO5AYLOV&qid=1652833159&refinements=p_6%3AA1ZVRGNO5AYLOV&s=electronics&sr=1-9592,EGP 27.51,,,
Onikuma CW903 RGB Lightweight Honeycomb Shell Gaming Mouse - 6400 DPI - 6 Programable Buttons,/-/en/Onikuma-CW903-Lightweight-Honeycomb-Gaming/dp/B09FQDW6S8/ref=sr_1_9593?m=A1ZVRGNO5AYLOV&qid=1652833159&refinements=p_6%3AA1ZVRGNO5AYLOV&s=electronics&sr=1-9593,EGP 198.39,,,
Slim Hard Back Cover with Slide Camera Shield for Huawei Y7P 2020/P40Lite/9C Blue,/-/en/Cover-Camera-Shield-Huawei-P40Lite/dp/B09FKDD993/ref=sr_1_9594?m=A1ZVRGNO5AYLOV&qid=1652833159&refinements=p_6%3AA1ZVRGNO5AYLOV&s=electronics&sr=1-9594,EGP 62.75,,,
X26 Xpress charging data cable for lightning red,/-/en/X26-Xpress-charging-cable-lightning/dp/B07MJYHZQB/ref=sr_1_9595?m=A1ZVRGNO5AYLOV&qid=1652833159&refinements=p_6%3AA1ZVRGNO5AYLOV&s=electronics&sr=1-9595,EGP 37.04,,,
High Quality Glass Screen Protector For Huawei P30 Pro Mini - Clear Black,/-/en/Quality-Glass-Screen-Protector-Huawei/dp/B09R52WWV9/ref=sr_1_9596?m=A1ZVRGNO5AYLOV&qid=1652833159&refinements=p_6%3AA1ZVRGNO5AYLOV&s=electronics&sr=1-9596,EGP 29.18,,,
For Samsung Galxy A11 Clear View Standing Cover With Out Sensor Not Smart - Blue,/-/en/Samsung-Galxy-Clear-Standing-Sensor/dp/B08YXZC1Q3/ref=sr_1_9597?m=A1ZVRGNO5AYLOV&qid=1652833159&refinements=p_6%3AA1ZVRGNO5AYLOV&s=electronics&sr=1-9597,EGP 65.64,,,
New Design 360 Full Protection Magnetic Back Cover for Oppo Reno 4 Pro - Clear and Black,/-/en/New-Design-Protection-Magnetic-Cover/dp/B08X6V6LNW/ref=sr_1_9598?m=A1ZVRGNO5AYLOV&qid=1652833159&refinements=p_6%3AA1ZVRGNO5AYLOV&s=electronics&sr=1-9598,EGP 19.00,,,
"Huawei Media Pad T5, 10.1 Inch Glass Screen Protector - Clear",/-/en/Huawei-Media-Glass-Screen-Protector/dp/B08YY1ZSP1/ref=sr_1_9599?m=A1ZVRGNO5AYLOV&qid=1652833159&refinements=p_6%3AA1ZVRGNO5AYLOV&s=electronics&sr=1-9599,EGP 56.00,,,
Tempered Glass Screen Protector For Huawei MediaPad T3-9.6 Inch,/-/en/Tempered-Screen-Protector-Huawei-MediaPad/dp/B08Y8YHPDK/ref=sr_1_9600?m=A1ZVRGNO5AYLOV&qid=1652833159&refinements=p_6%3AA1ZVRGNO5AYLOV&s=electronics&sr=1-9600,EGP 10.00,,,
